position,length
1797,322
2459,146
1686,143
676,137
674,136
5,119
1653,117
56,118
1671,108
197,108
1717,102
338,106
1066,106
860,99
437,98
1340,96
1382,91
2471,96
180,90
993,92
1645,86
1629,87
189,90
528,93
62,87
29,85
1500,82
1925,81
1336,83
65,83
268,82
1490,80
190,79
641,84
1148,79
949,88
342,79
2,80
985,79
3362,74
633,79
1752,75
1905,76
1568,73
1402,73
432,74
205,79
1482,71
338,76
201,78
1183,69
1072,75
125,67
623,76
1466,70
242,71
2482,73
1434,68
448,67
625,72
123,66
997,70
1096,72
1637,66
256,70
534,65
2432,67
2261,69
430,66
876,65
1455,64
967,65
1512,61
45,64
152,62
2390,60
1338,62
361,59
1674,60
1903,58
2180,63
1605,60
2122,61
617,63
309,65
1673,59
273,57
705,57
882,60
192,59
1570,56
1086,58
1168,56
21,59
124,60
233,56
1301,57
563,56
2280,58
58,58
13,56
1657,55
1186,54
150,57
398,56
874,58
1094,55
536,54
908,56
364,57
2164,54
229,54
158,53
162,53
1474,59
256,52
2333,52
1334,51
2568,52
1241,56
324,52
160,51
1,53
1064,50
1495,50
158,54
624,51
1074,53
420,49
1364,50
261,54
627,53
2607,52
685,52
429,53
185,49
2184,54
628,50
1110,53
8,51
1062,49
848,53
27,49
2603,49
341,48
1238,51
623,47
470,49
2436,49
1514,49
332,48
2219,50
269,49
2558,47
146,50
2002,48
642,47
32,48
898,48
564,54
1126,46
1088,46
533,51
1330,47
914,49
2282,52
1418,46
469,45
49,47
487,49
681,50
83,51
609,48
67,48
127,50
1352,46
866,48
87,44
9,46
3488,47
1146,44
2783,49
1609,43
1594,43
393,47
1,46
536,46
1793,44
560,45
1416,43
639,46
305,46
181,47
1726,46
870,44
40,45
416,44
1050,44
105,48
1297,44
995,48
1661,42
1106,47
318,42
930,41
838,42
961,43
3356,42
1944,45
467,44
428,41
271,44
25,46
315,44
441,42
5,41
663,42
508,41
54,41
438,43
2511,40
862,42
2974,40
453,40
508,41
1962,40
2217,46
916,42
530,44
460,41
670,40
211,41
2524,39
2831,40
1484,42
582,41
1049,41
423,41
2495,42
271,40
603,42
215,41
1331,40
1236,39
2416,39
2623,41
130,43
1742,42
466,40
1297,39
500,41
840,39
542,40
392,39
156,39
2570,41
1225,38
686,40
2388,39
2411,40
251,39
1495,38
285,41
399,39
67,39
630,38
868,40
41,37
159,38
324,38
130,38
955,38
963,41
242,40
283,41
156,39
2172,42
844,37
113,37
1136,38
257,40
74,37
1551,39
868,38
3254,38
3448,36
136,38
122,37
316,38
2586,40
175,36
1488,37
3445,37
485,43
542,37
1333,37
1343,35
530,35
46,35
14,40
512,38
287,41
1839,40
595,35
2985,37
912,35
2325,37
935,38
37,35
196,41
146,37
568,39
906,38
1184,36
1659,38
320,38
1461,35
301,37
104,35
299,36
510,41
1728,36
161,35
17,36
2150,37
2469,38
1434,34
599,36
231,39
1328,35
326,35
172,34
265,34
591,36
210,35
2384,38
209,37
70,34
344,39
521,37
27,38
63,33
331,34
46,35
2379,35
413,33
568,33
745,37
1052,36
2720,36
149,34
877,34
110,37
2478,35
828,34
1946,34
1366,36
60,35
352,34
296,36
119,33
1024,33
1101,39
354,35
402,33
559,34
1678,35
1960,35
540,32
1034,34
1598,36
286,34
2609,36
1233,36
1132,37
462,33
1370,33
840,35
112,34
951,33
492,35
969,34
856,31
1785,33
470,35
498,32
274,31
1277,32
21,31
2502,32
457,33
3466,33
558,35
2323,34
301,33
1769,35
3157,32
301,31
2252,31
5,32
1631,33
259,31
1317,32
2305,35
1742,30
406,35
324,34
1194,34
700,32
397,34
67,32
415,34
2538,33
1822,32
1922,33
1867,32
64,30
775,34
249,30
466,30
1058,33
364,31
318,33
55,32
1428,30
987,31
2537,32
428,30
691,31
1053,31
2605,30
1777,31
926,31
3,30
1060,31
9,31
549,32
430,32
2895,31
410,30
1164,30
465,34
693,31
742,34
1438,32
378,30
7,30
2334,33
1627,31
348,29
506,33
32,30
738,33
60,30
1620,30
343,30
271,29
396,30
71,29
435,29
2952,29
264,30
942,30
326,29
452,33
1602,30
41,29
1020,30
1837,29
461,30
314,29
268,30
210,31
274,30
2278,29
1598,31
225,28
2323,28
646,32
943,30
51,32
1697,29
126,31
279,28
1039,30
906,29
281,30
2179,29
1084,28
1711,28
280,31
352,31
1565,30
636,29
92,28
1710,29
410,31
379,28
901,30
152,29
299,28
2300,30
1467,30
609,32
446,29
532,29
607,31
235,29
662,29
2083,29
989,32
91,31
1155,29
1006,28
859,27
225,29
2846,27
2271,29
258,28
65,27
1647,28
1486,27
251,29
1120,28
627,28
1501,27
717,29
2155,27
46,30
2169,27
544,29
400,27
260,30
2636,30
502,30
19,28
150,29
202,28
750,29
270,28
17,27
1669,28
881,31
342,28
679,31
2992,29
578,29
842,27
634,29
350,29
167,29
2195,27
8,30
635,29
1444,26
2624,29
1539,28
1703,27
450,28
563,26
329,26
2235,30
686,26
186,27
645,30
407,27
45,30
372,29
2373,29
2820,29
150,29
627,29
97,29
73,27
169,27
411,27
392,29
350,30
916,29
3122,30
1962,26
32,26
631,27
636,26
3,27
322,28
425,27
3,28
507,27
154,29
3249,27
116,28
2962,31
279,26
2271,28
1014,27
1134,29
348,26
163,29
249,29
2619,27
106,27
250,30
1001,25
1730,25
85,25
1780,26
293,25
327,29
465,25
854,29
3370,25
2077,28
1932,25
2146,26
47,25
35,25
1924,28
56,27
593,27
50,28
3029,26
244,26
406,25
2778,25
872,29
1275,25
652,28
448,30
2160,25
2401,25
1484,28
1633,28
931,26
176,28
67,28
1655,26
1295,29
2571,26
382,29
2464,25
2005,27
280,26
62,30
2612,26
561,26
159,25
1690,24
102,25
557,24
1120,26
345,24
1144,26
1442,29
1318,24
327,30
2445,26
209,24
40,26
122,26
1721,29
302,25
548,26
479,31
2606,25
522,27
2552,25
56,27
290,25
232,27
86,26
488,24
949,27
3256,25
2241,24
1337,24
852,25
1217,28
423,27
1005,24
917,27
928,25
1068,27
2645,28
362,26
1022,25
2152,25
1092,26
344,26
678,29
692,26
1172,27
515,29
2638,28
1370,28
576,26
846,26
1221,24
1208,24
360,23
115,24
2768,24
434,23
1980,23
2005,26
864,26
1226,28
40,25
1436,24
69,23
777,24
1460,28
376,24
318,23
495,24
1492,24
3403,29
1818,27
104,25
198,27
90,27
1641,23
1803,26
1777,23
1815,24
1426,23
1440,23
763,27
340,24
1291,24
2264,26
3260,24
852,26
2786,25
344,24
2315,24
595,25
99,26
1715,23
2434,25
463,26
2736,26
1815,23
1140,28
347,24
1400,23
325,25
1354,23
2296,28
2262,27
261,24
669,27
65,24
2414,24
202,24
127,23
2283,24
358,23
180,22
538,25
2453,23
1038,24
520,23
51,22
2055,23
2493,24
701,23
673,25
556,27
1786,22
2178,22
717,22
3103,24
819,22
1964,24
2290,26
204,26
391,23
596,25
282,23
102,23
1768,22
134,27
404,24
30,22
12,23
2510,24
494,23
126,23
878,22
1931,24
28,25
159,24
329,23
579,23
1073,24
356,29
2657,25
533,25
477,26
341,22
1709,25
535,26
601,24
1699,22
900,23
2460,24
1268,24
236,24
229,24
829,22
992,25
189,23
500,24
830,22
2152,22
2255,22
752,23
562,23
740,25
1376,23
281,23
2668,24
233,22
2750,24
118,24
885,23
297,22
1671,22
2462,22
176,23
1305,22
366,24
834,22
1412,21
1008,21
2684,22
312,24
1970,22
207,23
818,22
26,22
3054,21
291,24
319,24
69,22
620,23
176,24
1454,21
2365,22
1959,25
1493,23
560,23
50,24
601,22
229,21
3207,22
533,23
1112,22
2499,24
2611,25
1520,23
1273,26
2510,21
1666,24
698,24
2201,21
589,21
2083,25
2173,22
354,23
24,26
1390,22
1,24
637,22
1016,25
4,23
69,23
2483,23
1855,21
395,24
977,21
423,24
1422,24
53,23
2444,22
275,22
967,23
422,21
2434,23
675,21
902,24
1795,23
1400,23
281,21
517,21
672,22
202,22
92,22
1909,22
1839,21
332,23
622,28
1835,21
1431,21
1873,22
2627,22
863,22
2387,22
155,22
338,22
2618,21
2550,23
104,20
78,20
2669,23
1210,22
283,20
262,20
2977,21
964,21
3335,21
2169,23
61,23
848,21
638,23
2151,22
255,21
573,22
96,23
1796,21
106,21
786,22
1839,20
1062,22
266,22
253,21
1556,22
582,21
2197,23
812,20
140,22
413,21
811,23
2347,24
264,21
220,21
1829,23
406,21
162,21
896,20
2031,20
303,20
2760,22
1170,21
1038,20
242,20
798,21
1587,22
1724,20
657,21
636,21
2201,20
1270,21
1612,22
387,23
1279,20
1558,23
2221,21
316,21
1734,21
181,20
264,21
1498,21
424,22
3047,21
634,21
3284,22
64,20
557,20
3328,20
198,21
3417,22
200,21
2643,21
1704,21
1252,21
446,20
421,20
415,19
105,22
580,24
564,21
2563,21
429,19
571,21
487,23
3479,21
1267,19
569,22
1465,20
290,20
1754,19
663,19
183,22
922,21
282,19
501,21
2319,20
572,21
3352,21
61,21
852,19
2182,19
2327,20
1402,24
2634,21
2315,22
1688,21
774,22
1672,20
971,21
1536,19
1398,20
553,22
2375,19
129,19
1758,20
1116,21
20,19
135,24
1694,21
1559,20
28,20
1161,19
861,19
748,19
1616,20
165,19
924,20
39,20
57,20
620,21
2648,20
3009,22
1907,19
1082,20
436,20
918,22
585,21
117,23
996,20
3049,21
2447,20
2188,21
480,21
51,20
100,20
139,20
402,21
659,19
689,19
640,21
169,22
777,21
894,21
408,21
30,20
2485,19
2254,21
1166,20
1811,19
694,22
2922,20
2247,20
3084,20
2053,21
91,20
690,19
1766,21
254,20
287,21
2025,20
2794,19
337,19
502,21
284,22
2358,22
1150,20
2636,18
3209,18
2354,18
337,18
2663,20
1765,18
1241,20
183,21
2116,20
55,19
599,20
347,19
213,18
564,20
34,20
57,21
447,20
486,19
173,19
2267,20
919,18
328,18
313,21
2099,19
73,18
2729,18
304,18
419,19
1433,19
145,20
583,21
1881,21
2066,21
250,18
3339,20
1695,20
1237,19
2404,18
366,19
1175,21
1092,18
1770,18
60,20
1891,20
1215,19
517,21
1134,22
2367,21
313,19
432,19
1000,19
651,18
1771,20
670,20
1880,20
177,18
200,19
16,19
427,22
209,19
79,19
424,22
223,18
935,22
1677,19
2692,19
3443,18
204,18
1733,20
350,19
528,22
1113,23
159,23
1524,20
3380,19
1748,20
1010,20
326,19
216,19
53,18
62,18
539,19
2041,18
565,21
429,19
3477,20
503,19
2571,19
205,22
24,18
370,19
402,20
191,18
611,18
97,19
161,18
1168,18
109,18
2273,18
107,20
1793,19
1379,20
754,18
517,19
440,18
570,19
491,21
409,22
1043,18
455,20
1499,19
958,19
203,20
1293,19
2532,20
3333,20
3241,20
3079,21
575,18
93,18
358,18
597,19
323,19
438,18
313,18
443,19
622,18
307,20
1553,20
124,18
343,20
2116,18
1718,18
383,18
268,18
193,17
1726,17
1675,20
2366,21
765,18
1490,17
292,18
613,18
590,20
269,24
2417,17
429,18
3144,17
2585,20
2503,17
3026,19
2752,17
301,17
826,21
1002,18
153,20
1348,19
922,17
689,17
143,20
77,17
2702,18
1589,18
2229,17
726,18
1599,18
3240,17
1995,20
1659,19
2906,19
1269,18
544,18
190,17
141,17
327,17
1745,17
1948,20
2808,20
608,18
2520,19
615,19
755,18
48,18
274,18
451,19
144,20
529,17
1616,18
295,18
2431,18
1446,18
44,18
142,17
1596,17
2942,18
708,17
135,17
696,17
42,21
2184,17
434,18
643,20
619,17
181,18
426,20
275,18
152,20
1360,19
189,18
1404,17
121,18
2676,19
348,18
808,19
1593,18
3069,18
247,18
483,18
2990,18
1172,17
421,18
3315,17
1424,18
1349,20
121,17
934,21
1657,20
291,18
1388,18
412,18
2270,19
512,18
626,18
141,19
33,18
415,17
227,19
735,19
2134,20
635,17
938,20
574,18
1953,17
2515,17
468,18
496,19
76,20
655,17
1352,17
2001,16
21,19
45,18
115,16
129,18
761,18
251,17
110,16
704,19
366,16
2671,19
584,16
1530,18
2679,16
1482,17
754,18
595,17
279,18
644,17
714,16
367,16
2571,18
268,16
411,19
650,18
329,16
244,16
187,17
2128,17
1976,17
2413,17
338,17
175,17
1136,16
1409,20
3440,17
2709,17
758,19
133,18
53,16
780,19
3175,17
609,16
621,17
735,16
398,17
2746,17
306,16
2053,17
3438,17
1080,16
174,18
494,16
62,16
2148,16
198,16
1755,16
13,17
2455,17
224,17
3049,16
3345,17
2495,16
1119,18
118,17
526,19
454,16
2602,19
159,17
1666,17
69,19
392,19
1782,16
2467,20
3382,17
2590,17
655,20
2272,18
671,17
46,18
779,16
1669,18
2436,19
1069,16
1,17
1914,16
3478,16
1904,16
52,18
208,20
13,17
266,17
2662,16
95,17
1931,18
1879,17
32,19
1817,18
1213,16
297,17
124,17
1688,18
30,19
2705,16
894,17
3228,16
1650,16
1280,16
509,17
2637,17
756,17
492,16
383,16
32,18
532,16
519,18
971,16
315,17
1934,18
2209,16
937,18
3264,17
998,16
2534,19
363,20
513,20
1827,17
2430,16
2688,17
1722,17
34,16
2335,17
171,17
477,18
1456,17
768,18
461,16
2420,16
1452,17
2132,16
1511,17
680,16
2284,18
259,18
1730,17
299,18
2792,18
56,17
1292,16
1173,16
671,18
1905,16
482,19
2474,16
103,18
201,20
459,17
92,20
688,17
1863,15
522,19
1747,17
2697,15
2707,16
3036,15
212,15
3401,16
723,16
558,16
179,15
2501,15
180,15
203,16
101,19
281,15
2169,18
2203,15
481,15
252,15
113,15
355,15
218,16
2270,15
1092,18
2489,19
1020,17
98,19
425,16
463,15
852,18
292,15
600,16
629,15
269,16
3269,16
42,17
648,16
1663,15
3465,17
548,17
2504,16
519,16
546,19
1473,18
2276,15
11,17
2375,15
1729,15
309,16
99,15
252,15
2879,16
482,15
536,16
1143,16
1239,15
1750,15
395,16
748,19
70,18
1185,15
697,16
2652,15
897,15
1861,15
399,18
975,15
249,17
2554,16
1450,15
2534,15
2924,16
2477,15
1875,17
3093,16
75,16
713,15
293,17
2088,16
1309,16
2109,19
2925,16
1553,16
1590,16
726,19
3159,15
1998,16
331,17
1889,15
2695,19
2552,15
1620,17
293,16
553,16
342,18
1813,17
144,17
2883,17
837,16
3467,15
324,17
2595,17
278,17
2925,15
1510,17
2461,15
630,15
328,15
2419,15
1892,15
795,17
243,17
297,17
2591,16
3023,16
3032,15
1209,17
830,17
3051,16
296,16
178,15
422,17
719,17
199,16
594,15
132,15
902,16
884,15
618,16
647,15
652,15
151,15
456,16
90,15
375,20
552,15
1982,15
117,16
1829,17
363,16
2138,16
148,15
38,15
1676,17
2326,17
13,16
831,15
1012,16
2418,16
1851,15
235,16
1250,18
1607,15
5,16
436,15
692,15
2879,17
2817,17
2817,16
2558,18
1175,17
944,15
2371,15
48,18
1581,16
318,15
298,15
166,15
895,16
328,15
70,15
1258,15
313,16
883,17
476,17
911,18
1262,17
2186,16
1303,15
2232,14
2449,15
58,16
1262,15
2251,14
329,16
687,16
2345,15
205,14
240,17
3331,15
439,14
336,15
218,14
764,14
126,15
752,15
890,15
155,16
451,15
35,14
3205,15
660,15
2420,18
356,14
745,17
1067,16
301,15
359,14
895,15
3150,14
2944,14
1212,14
2974,17
758,16
154,16
134,14
793,18
683,15
194,15
215,14
2154,15
3287,16
1380,14
3043,15
25,17
2720,15
392,14
2727,16
2908,15
1966,14
1678,14
714,15
617,15
211,14
1195,15
2397,14
2440,16
703,15
664,14
348,14
730,15
535,14
115,14
2633,14
19,14
206,15
427,16
81,16
1965,16
626,14
2628,15
991,14
2976,14
2695,14
376,18
374,15
380,14
1272,16
3263,17
745,15
204,14
1953,15
2382,14
2405,15
212,16
1585,15
2496,14
147,15
63,18
374,16
2214,14
1813,16
1940,15
203,14
386,15
1618,14
1804,15
200,14
269,14
392,14
367,16
957,14
2257,15
345,14
998,17
885,16
401,15
1256,18
1762,17
237,15
608,17
464,16
460,17
288,15
1523,18
3198,16
101,17
465,15
1170,14
2008,16
2662,15
803,16
2428,15
311,16
1929,14
439,15
797,16
1698,15
1992,16
1531,15
911,15
1492,15
1332,15
277,17
2055,15
172,19
3017,17
665,14
493,16
566,15
183,14
82,14
513,14
167,14
1606,14
333,14
409,15
2466,17
1901,14
396,16
2797,14
213,14
828,15
2535,17
2573,15
352,14
493,14
628,14
925,16
2299,15
1807,14
1944,14
239,15
1775,15
633,15
1459,15
2191,14
448,16
128,15
817,14
411,14
375,15
89,14
434,16
1561,14
155,15
2126,17
1504,14
258,16
2351,15
2059,15
2429,15
2624,15
723,14
2688,17
1866,14
147,16
757,15
1156,16
1976,16
2102,17
241,14
28,15
677,15
1749,14
633,15
1991,15
1525,16
909,15
3125,15
174,14
221,14
2253,16
1827,16
2396,14
553,16
3277,14
2029,15
899,14
1343,13
403,15
1250,13
3191,14
2409,14
2991,15
639,15
481,14
381,15
420,14
873,13
872,15
317,14
1488,15
543,16
316,15
57,14
392,15
306,13
752,14
2386,15
2093,13
2673,14
797,14
506,13
1611,13
1285,16
453,13
2525,15
2818,14
119,16
923,15
10,14
2210,15
1036,13
1761,15
1551,15
382,13
340,16
3290,14
1618,13
373,13
2310,14
2048,14
2491,14
603,15
818,15
183,15
440,17
262,14
310,14
575,17
379,14
651,14
443,14
547,13
527,15
73,17
228,15
272,15
344,16
690,15
1052,15
68,13
2196,14
691,14
1361,14
1707,14
414,13
1448,13
1879,18
455,13
746,15
2803,13
329,16
1862,15
1578,13
3188,15
1867,13
1052,14
231,15
2012,14
197,13
48,15
181,14
606,16
584,14
376,15
2833,14
2539,14
575,15
427,14
119,13
2718,14
448,16
456,13
2175,13
1789,14
3082,15
1921,14
880,16
2732,14
109,15
285,14
2805,14
696,13
791,16
2236,14
812,16
480,14
210,14
734,13
122,16
2968,14
79,13
1778,15
414,15
660,15
422,15
1999,15
325,13
2027,13
2392,15
2451,14
499,13
2603,14
89,14
370,16
157,15
1211,13
1707,13
2039,13
2209,15
2288,13
183,14
2040,15
85,14
1222,16
954,15
1223,14
193,13
2480,13
2856,14
1611,15
2134,14
2440,13
141,14
1351,16
80,15
2016,13
724,14
328,14
2075,15
963,15
2244,13
725,15
77,14
283,13
1769,13
865,15
1712,15
1709,13
414,14
3343,13
2650,14
421,14
208,13
1635,13
1312,16
144,13
152,13
398,13
1271,16
884,15
709,14
1643,13
23,13
1384,15
2514,14
2635,15
1231,13
2026,13
310,13
1034,15
2566,15
3427,15
65,15
35,14
2586,14
375,15
2065,14
1364,13
145,14
3398,13
562,14
325,14
3307,13
107,13
741,13
330,15
257,13
2782,15
729,15
809,15
3318,15
5,14
766,15
443,13
463,13
784,14
2341,15
153,16
2020,16
1522,15
174,16
590,13
2064,14
1846,15
286,13
2207,14
2689,15
555,14
291,14
1462,15
1395,15
2548,14
2509,12
644,14
2317,13
593,13
229,12
2768,12
2075,15
1103,13
153,12
1563,15
1082,12
449,14
431,13
71,14
2659,13
1748,12
804,12
2439,14
548,12
46,12
1141,12
89,16
456,12
684,14
1881,12
739,15
2149,13
1699,13
288,16
106,15
566,12
2615,15
1196,12
45,14
2781,12
662,12
1199,14
244,14
68,15
1032,13
243,12
3014,15
731,14
311,15
497,15
877,13
2574,12
2946,14
1367,13
229,13
930,12
2216,14
2666,13
299,12
727,14
647,15
524,13
854,15
400,12
39,14
844,12
243,13
1632,14
70,12
1919,16
419,14
2006,12
399,13
2196,12
100,14
14,13
672,12
197,13
838,13
137,13
227,14
736,15
595,12
822,16
2193,12
193,12
1588,13
953,12
1601,14
774,12
376,14
667,13
2703,14
468,15
146,12
573,12
437,15
386,13
332,13
854,12
444,13
355,14
1111,17
1055,14
410,12
242,13
169,14
2394,14
2222,13
2033,12
493,12
2828,13
1104,14
915,13
11,14
521,12
953,12
1532,13
951,13
41,12
410,13
358,14
907,16
2427,12
1940,13
1271,12
1892,13
1340,13
3124,15
2100,13
3300,14
2585,12
55,12
79,12
2627,13
61,15
988,14
3052,12
518,12
274,12
271,13
3189,13
764,12
404,13
103,14
811,12
479,12
331,13
88,14
460,13
246,14
2216,12
853,12
760,13
1847,12
3224,13
3037,14
2492,13
2346,15
972,16
1301,15
2676,18
559,15
222,12
656,12
1845,12
1527,13
1667,15
2565,12
931,13
1219,13
736,14
2048,13
833,14
48,14
543,12
49,12
1810,13
1450,12
849,12
78,12
135,13
317,13
93,14
1207,15
3367,13
336,12
2717,13
2796,12
1750,15
499,14
1743,13
268,14
1487,15
1597,14
239,14
259,13
1866,14
833,13
1201,12
881,13
1252,12
2492,14
834,12
362,12
800,13
1025,13
1397,12
18,13
2681,15
500,12
2604,13
401,12
1214,13
731,13
905,12
117,14
871,12
903,13
2319,14
836,13
567,12
1139,12
283,14
2710,12
959,13
2713,12
11,12
896,12
1767,12
2377,12
2126,13
86,13
1813,12
322,14
476,12
2931,13
1759,12
1230,14
369,13
121,13
308,14
1628,14
565,13
22,12
231,12
2103,12
1211,13
77,12
19,14
2331,13
940,13
195,14
1475,12
2298,12
360,12
1312,12
814,12
128,12
315,12
2802,12
1184,13
2432,13
289,13
2872,14
1872,14
237,15
3346,12
188,13
234,14
580,13
312,13
38,15
1780,12
27,12
2893,12
2763,13
550,12
1075,13
1664,12
1809,12
2022,12
724,11
517,13
2063,11
460,11
247,12
2391,11
2646,12
1888,12
2487,11
286,12
2000,11
472,11
571,14
516,12
44,12
2638,11
323,12
1843,11
116,11
396,14
222,13
80,13
34,13
272,13
180,12
2754,13
525,13
485,11
1048,14
133,13
479,11
1293,11
247,11
36,13
190,15
676,12
330,11
1245,13
2213,11
1494,11
1705,12
1932,12
248,12
211,12
557,11
2064,13
1706,11
1697,13
323,11
213,13
682,11
2442,11
358,12
2954,12
2320,12
642,12
868,11
1287,11
241,13
2838,12
663,11
705,11
1069,11
85,11
263,11
2312,11
894,11
137,13
1515,12
122,12
250,11
2008,11
232,11
298,11
23,12
71,11
3308,14
3041,11
2000,11
178,11
3043,12
296,11
433,11
1652,13
481,14
308,13
1438,11
499,11
2329,11
1589,12
418,11
358,13
326,11
1174,12
1602,11
666,12
770,12
847,11
311,11
2483,12
1736,13
2573,11
192,11
449,11
3113,13
2416,14
235,12
612,12
275,12
1583,12
1894,12
260,12
1891,11
388,13
448,12
72,14
2761,11
520,12
1869,13
143,13
2516,11
472,11
3200,12
597,11
1701,11
442,12
2497,12
1219,12
270,11
10,11
220,13
574,11
33,13
1871,12
13,13
394,12
698,12
2035,11
953,13
204,12
2664,13
98,11
3422,11
2084,11
1833,11
553,12
1606,11
1147,12
2452,11
3075,11
2195,13
982,13
2555,11
984,11
753,11
1958,11
2871,12
1682,11
1676,11
2876,11
1273,13
2816,12
529,13
727,11
122,11
57,11
403,13
3412,11
49,15
222,13
252,11
2930,12
2772,12
15,11
782,12
332,12
2360,12
22,12
432,13
108,11
417,13
350,12
11,11
48,14
307,11
1264,13
692,12
1322,13
2401,13
1478,13
2898,14
914,14
1717,12
347,14
1853,12
3211,13
248,11
622,11
2543,14
228,13
1874,12
1832,11
2475,12
841,12
1817,11
7,12
669,14
700,11
2686,12
388,11
108,14
104,13
138,13
496,12
2533,12
2999,11
2441,13
367,11
478,12
130,11
3022,13
462,11
2541,11
188,11
220,13
1026,12
2351,12
1975,11
62,12
3492,11
318,11
1864,12
343,12
426,11
2300,14
391,12
2102,11
293,12
2064,12
566,12
495,12
406,11
1871,12
295,11
1152,11
2754,11
114,12
2308,12
2006,11
76,13
1399,12
3458,12
2811,13
37,11
130,12
1709,12
1807,11
1562,13
674,12
2526,12
503,12
34,11
115,13
473,12
1989,11
881,12
320,12
1268,12
33,12
1310,11
920,11
2757,12
2403,11
2614,12
170,13
320,11
1335,12
271,11
174,12
983,12
484,13
248,11
245,11
660,12
539,13
231,11
84,12
377,11
1323,12
122,11
1304,12
262,11
2395,11
372,11
445,13
386,12
2654,11
375,14
656,11
273,11
274,11
2937,11
1639,12
2380,13
783,13
733,13
909,14
38,12
77,11
2509,11
588,14
350,11
204,12
2339,11
206,11
2616,13
2094,12
317,11
1146,11
560,13
87,13
1248,11
1316,11
689,11
2239,13
3338,11
255,11
2146,12
1665,12
1555,14
354,11
2737,14
1042,14
700,12
495,11
3095,11
1137,12
2012,10
2505,10
2243,12
529,12
2425,11
654,11
2734,11
2715,11
2980,10
2257,10
1859,10
2854,10
1795,10
1198,12
456,10
77,12
2831,10
125,14
3374,12
523,12
1924,11
725,12
2775,10
321,11
29,12
1540,10
518,11
2506,10
82,10
3375,11
93,10
221,10
892,10
237,12
2542,10
443,11
307,11
270,10
225,10
1684,10
2303,11
618,11
1747,11
2781,14
432,10
73,11
461,11
335,11
95,11
96,11
1852,10
1984,11
1355,11
1780,10
742,10
364,11
321,11
303,10
1736,12
2011,11
2600,12
2943,11
144,13
1432,10
2382,13
2853,11
1580,11
2880,12
581,11
102,12
537,11
2581,12
775,11
707,11
759,10
208,13
780,10
1480,12
369,13
220,12
2894,10
280,10
2675,11
2040,10
590,11
193,10
273,10
408,11
1986,10
478,12
404,12
1700,12
1110,11
2796,10
2181,11
2126,14
2693,10
2154,11
1594,12
1415,10
2606,10
1600,10
1787,11
421,12
2121,10
2912,12
2150,10
1119,13
1187,14
2562,13
1469,12
3337,10
2531,12
1383,12
1409,10
1732,10
346,12
443,10
384,10
308,10
1441,12
577,11
2263,12
248,10
246,11
266,10
110,12
2264,12
1507,11
1716,12
104,12
1493,11
51,11
586,11
3164,10
1264,10
2689,10
90,11
2201,10
1776,13
41,12
287,12
1806,11
2017,12
2123,11
3156,10
165,11
1292,12
509,10
529,12
2530,12
2732,11
3074,10
151,10
200,10
26,10
2430,11
103,10
87,10
629,11
1150,12
616,10
2812,11
171,10
86,10
72,10
2105,11
619,11
84,11
2722,12
1368,11
1694,11
2259,13
1843,11
562,10
1984,10
2660,10
1612,12
3384,10
1054,10
460,11
119,11
1390,12
238,13
235,11
514,11
1507,12
1277,12
1561,14
1381,12
376,12
613,11
1131,11
235,12
116,11
233,13
209,11
719,11
2241,10
191,11
795,10
2867,13
1962,12
2759,11
2807,11
228,11
326,10
1499,11
1957,11
777,10
650,13
63,11
1069,11
1877,11
2787,11
2438,12
260,10
16,10
144,10
805,13
1937,10
300,10
2024,10
529,11
521,10
299,12
183,11
2232,10
599,10
818,10
1734,11
788,10
2273,11
182,10
1339,10
7,12
1082,11
2287,12
2770,10
37,10
52,11
139,11
1496,10
1467,10
1421,10
386,11
778,11
682,10
2654,11
257,10
1272,13
1656,13
1338,10
419,10
573,15
2836,12
3476,12
1937,10
916,11
161,11
777,12
276,12
2566,13
318,13
644,12
537,13
2516,12
1979,11
2269,12
661,12
314,10
68,11
553,12
1644,11
185,11
2885,12
1005,11
144,10
2857,12
2547,11
2567,11
495,12
280,10
2518,11
896,12
2978,10
223,11
31,11
1837,10
3348,11
713,11
1306,12
142,10
253,10
354,10
290,11
1108,10
305,10
74,11
330,11
2223,11
237,11
129,12
2986,11
1808,10
2785,12
2012,12
2106,10
1223,10
858,12
303,10
60,10
935,10
2612,13
205,11
1638,10
2004,10
1708,10
2619,11
2557,11
1124,10
417,11
82,11
2999,10
1910,11
2094,13
326,11
2695,11
247,11
396,13
3299,12
3473,13
1333,13
714,11
180,11
656,11
1544,10
2408,12
489,12
717,12
771,11
3459,10
254,10
2547,10
162,11
451,10
58,10
407,10
393,10
1005,11
1752,10
2990,10
23,12
3314,11
88,11
346,12
433,11
654,10
1894,10
329,10
1284,10
112,10
675,11
111,9
394,11
1925,13
14,12
1280,10
1151,10
2668,11
1097,9
870,9
1341,9
424,9
2988,10
1518,11
210,9
2279,9
1228,9
1401,11
2633,11
947,11
991,10
124,10
948,9
721,9
2070,9
357,9
1803,10
365,11
2214,9
1854,11
1613,9
264,9
100,10
504,10
1489,10
1728,9
2579,9
1916,9
841,10
71,10
3102,10
1006,11
2129,11
1696,12
16,11
1179,10
716,9
28,10
447,10
1080,10
2026,9
2245,11
268,10
581,10
366,10
898,9
497,10
1525,9
734,12
1774,10
259,9
136,10
2657,10
29,9
720,9
545,10
532,11
379,10
966,9
246,9
357,9
186,11
108,9
2190,10
412,11
821,9
2555,9
1014,11
397,11
1785,9
2936,9
587,12
88,9
1959,13
3013,11
2728,10
2886,11
2810,11
726,9
1111,9
449,10
1037,9
36,10
207,12
1810,11
2858,11
148,10
24,9
820,13
75,9
2224,9
785,10
433,9
278,9
2660,10
80,11
1996,9
415,11
263,9
1497,9
193,9
372,9
277,9
227,9
1149,10
380,9
3428,10
1620,9
38,9
185,9
1476,9
1828,9
71,9
483,11
2120,9
1006,10
711,13
965,9
1253,11
726,10
557,10
2659,10
2512,11
1227,9
136,9
357,11
98,11
100,11
799,10
458,11
493,10
297,9
2291,10
360,10
579,10
3187,9
2993,10
128,9
2932,10
372,9
458,11
2947,10
1654,11
932,10
854,11
788,10
681,10
31,10
2975,9
2356,9
1513,9
182,10
1951,9
1119,9
1484,9
569,10
3453,9
2715,9
2023,9
2692,10
947,9
36,10
3005,10
1859,10
201,9
1145,10
1973,10
115,9
1911,10
2175,10
1684,11
638,11
304,10
1809,9
2741,10
137,10
417,10
120,11
3472,10
570,11
2448,9
342,11
541,9
763,12
432,9
288,9
1127,12
1491,10
218,11
575,9
2162,9
297,9
636,9
891,10
210,9
1887,9
2815,9
1847,11
2564,10
497,11
1789,9
503,9
120,9
75,9
923,9
21,10
652,10
214,9
11,10
151,9
1,10
118,9
1583,12
3430,9
1554,11
1816,10
1361,10
1609,9
275,10
101,9
2128,11
1308,9
94,11
527,10
491,10
704,9
215,9
95,11
1176,10
1872,10
2293,9
343,9
2039,10
1643,9
1188,11
1875,10
220,9
903,10
150,9
549,9
2276,10
1395,10
587,10
116,11
100,11
683,9
135,10
299,10
33,9
2297,9
545,9
169,10
404,10
552,10
213,9
60,10
163,11
773,10
1900,9
759,10
405,9
2527,10
13,10
145,9
127,11
2748,9
3416,10
203,11
693,9
224,9
2605,9
2455,10
387,11
1934,9
314,11
1990,10
2694,11
1477,11
2874,12
939,10
267,10
2639,12
3485,12
3330,10
2,12
512,13
1112,10
227,10
557,9
1481,11
240,11
2301,9
1629,9
2892,10
3487,10
383,9
1502,9
660,12
2010,10
2755,9
1790,9
670,10
672,9
2068,9
2244,9
2124,9
1405,10
338,10
17,9
2090,10
237,11
164,10
2780,10
1942,10
378,10
1142,9
2965,11
143,9
1143,9
3013,10
474,10
586,11
606,9
139,10
1118,10
2168,11
686,10
453,10
3402,9
1996,11
154,10
3484,11
158,9
169,9
38,9
1155,10
1681,10
3464,10
631,10
1000,11
1382,9
87,10
2015,9
168,9
1626,10
3363,11
1830,10
2603,11
2035,9
1046,9
1443,12
22,12
1150,10
1087,11
2429,10
1471,10
106,11
426,10
2432,11
360,11
377,9
2029,11
11,10
446,9
680,11
2228,9
175,9
2665,9
2633,10
603,9
314,10
3015,10
365,9
292,10
1463,11
1392,10
381,9
1406,9
2504,9
2596,9
989,9
729,10
2285,12
53,9
1527,10
2450,10
2404,9
24,9
523,11
114,10
2254,9
2955,9
2342,9
1202,11
403,11
407,11
778,10
247,10
628,10
42,9
354,10
517,11
2203,10
367,10
105,9
276,9
352,10
537,9
193,11
282,9
2117,10
1799,10
2350,10
261,9
2132,11
2186,9
418,9
1785,9
16,9
1474,11
773,9
294,9
2084,9
2366,10
428,11
1801,9
2056,9
927,9
459,10
288,10
3178,9
85,10
2079,10
2751,10
809,11
90,10
273,10
378,10
723,11
1536,12
2136,11
2238,11
1207,11
334,9
1792,9
13,9
477,9
3204,9
1201,9
2330,9
146,9
863,11
18,9
279,9
255,9
803,9
2434,10
19,9
2077,10
1852,9
2750,10
707,10
1832,11
629,10
295,9
2145,9
2460,9
415,9
390,10
34,10
2312,10
406,10
3169,10
605,9
798,9
2158,9
827,11
461,9
2030,11
62,10
3097,9
2008,9
315,8
2461,8
2529,9
2024,8
1235,8
2525,10
887,8
81,8
278,8
342,9
3369,9
442,10
278,9
1282,9
1566,8
99,9
119,9
314,8
2354,8
208,8
2345,10
2830,9
678,8
226,10
9,10
2560,8
197,8
2744,9
2577,9
2738,9
194,10
2938,9
508,9
1154,9
691,9
694,8
464,10
2249,8
160,9
3180,8
211,11
1025,8
691,11
5,9
685,10
712,8
459,9
52,9
1409,9
140,12
1152,9
3040,9
369,10
1225,8
2412,9
125,10
1209,10
67,9
1751,8
2595,9
2862,10
2063,9
806,9
113,8
1361,8
996,8
68,8
2485,10
2104,8
1623,8
1213,9
175,9
283,9
2706,8
695,9
1639,9
1204,8
1505,10
980,9
2848,8
48,9
3265,10
627,8
1130,10
73,12
3379,8
296,9
1366,8
1266,10
665,8
1056,9
528,9
577,8
1772,9
404,11
2992,9
2654,9
2996,9
427,9
2730,10
860,8
843,10
510,8
2584,9
2581,9
658,8
38,8
2839,9
2887,10
439,10
2721,9
1544,8
2031,9
510,10
2505,9
31,10
60,10
1435,9
305,8
1761,8
160,10
457,8
75,9
268,9
108,8
2706,8
498,9
3457,8
2060,10
2234,10
1878,9
783,8
2526,9
2727,8
1994,8
892,8
688,8
957,8
349,9
237,10
1604,9
407,9
598,10
756,8
666,8
383,8
2761,9
2506,10
213,9
60,9
1397,8
147,9
263,10
38,9
1479,10
904,8
318,9
650,8
480,9
1936,8
2841,9
1614,8
277,8
1977,8
249,9
1762,9
580,9
1885,10
1927,9
1919,11
179,11
555,8
132,9
95,8
152,8
1282,8
282,8
102,9
2584,8
1228,11
2664,8
292,8
2318,8
2928,10
216,10
1662,9
2258,8
204,9
612,10
577,11
1704,9
140,9
1653,8
868,11
426,9
816,9
584,11
1603,9
15,10
1773,8
1017,9
2703,9
511,10
1136,8
225,11
3076,10
3483,9
252,9
1457,8
3408,9
983,9
2584,8
384,9
225,8
2681,8
1847,8
634,10
813,8
3242,8
345,9
368,8
2162,8
2639,9
79,8
284,9
523,8
350,10
37,9
3080,8
3474,9
216,11
2793,8
816,8
334,9
1177,8
3193,9
425,10
106,9
1951,11
353,10
815,8
2674,8
897,10
1408,8
80,9
1618,8
466,8
106,10
2099,10
2078,10
2074,8
126,8
10,8
2916,10
246,10
1433,10
257,10
397,9
526,9
2623,10
204,8
615,9
427,10
3115,11
433,9
426,8
6,9
112,9
1278,8
1308,9
3490,8
422,8
305,8
136,9
1916,9
813,9
79,9
883,8
160,9
27,8
1226,8
1939,8
1410,8
1463,10
680,9
726,9
975,8
760,9
2670,8
2227,9
2109,8
2950,8
547,10
1328,8
2518,8
126,10
12,8
1549,9
2392,10
3179,9
209,9
215,9
3000,10
391,9
3495,10
783,9
2641,9
2097,12
2244,10
201,9
2993,9
55,8
430,8
1081,8
2363,8
231,9
100,8
1760,10
385,8
176,9
1206,10
697,9
2922,11
1903,8
759,9
1963,9
1447,9
1425,8
1741,8
498,8
1011,10
2275,10
127,8
22,9
1674,12
324,9
94,9
39,10
1282,9
112,8
70,9
263,10
284,8
10,9
855,10
1158,9
19,8
2941,8
532,10
2851,8
311,8
197,10
149,8
2376,8
1667,8
165,8
1162,8
17,8
3234,8
98,9
74,8
2237,8
918,8
2157,11
2038,10
211,8
1849,11
816,8
2140,9
909,10
1061,8
1509,9
3372,9
1960,9
2092,10
209,9
296,9
2608,9
672,9
863,9
233,11
469,9
1297,9
204,8
1031,8
490,9
1565,8
58,8
75,10
2915,8
1133,9
1004,9
1646,10
40,9
356,8
412,8
1824,8
1811,8
262,10
485,9
68,8
1982,8
323,9
397,11
850,8
2163,9
1244,8
2641,10
1238,9
758,9
1696,10
153,9
168,9
2896,8
155,9
55,9
164,9
2189,8
2872,8
228,8
2467,8
458,8
3439,10
403,9
2827,8
1283,9
3091,8
1327,9
1530,10
2097,9
1843,8
1419,10
2539,9
326,9
2260,8
2471,9
421,9
133,8
545,8
124,8
166,9
483,10
715,11
44,8
119,9
1084,8
1192,8
733,8
876,8
1347,9
2368,9
859,10
1225,8
366,8
20,12
1336,8
70,10
1357,9
108,11
1635,8
214,8
195,9
1098,9
1411,8
255,8
3177,9
153,8
3316,8
1776,8
1552,9
77,8
535,8
843,8
2619,9
606,8
372,10
3139,9
1922,9
1350,9
389,11
2090,9
246,10
19,9
1,10
556,9
438,10
1728,9
1938,10
678,9
99,10
993,9
323,9
1372,10
1285,8
2563,9
3358,10
1882,8
370,8
11,8
1452,9
2021,9
568,8
2490,8
374,8
622,8
176,8
1748,9
1880,8
1260,9
210,8
991,9
20,8
1598,8
1992,9
2520,9
543,9
416,10
1626,9
1865,8
116,9
1570,8
799,9
1757,8
592,8
1368,8
1168,8
2548,8
826,10
2459,8
437,9
206,9
2096,9
1442,8
636,10
267,9
72,9
2912,10
64,9
285,9
469,9
674,8
466,7
837,7
586,7
1732,7
423,7
468,8
2112,9
2062,8
597,9
133,7
520,7
646,7
2442,7
676,7
1248,8
359,7
642,8
442,9
814,8
1158,9
3355,9
121,8
2504,9
1088,7
2411,7
351,7
306,7
2631,9
976,10
892,7
2687,8
408,7
1557,8
1721,8
968,7
1924,8
245,7
217,8
2866,8
215,7
546,8
610,7
235,8
703,8
1946,7
294,8
2651,9
729,9
2526,10
889,9
52,7
69,7
38,8
394,8
3360,7
709,9
649,7
533,8
43,7
84,7
1753,7
1722,10
970,10
2369,8
971,9
66,9
177,7
2291,8
1013,8
850,8
1053,8
113,7
2884,7
255,8
690,7
762,8
732,8
702,7
377,8
2501,8
1815,8
1982,7
1524,8
251,7
1665,9
574,8
1017,7
1331,7
1885,7
2056,7
26,9
437,8
2230,7
1703,7
2385,8
453,7
1821,8
474,7
2164,7
2237,9
685,8
2177,8
767,8
117,10
2880,8
1081,10
629,9
48,9
857,7
2372,10
2457,8
1211,8
1688,9
1696,7
1278,7
3105,7
2802,8
912,9
368,8
550,7
1899,7
234,9
207,8
152,9
2277,9
2670,7
775,8
1964,8
385,8
214,7
521,7
2843,7
390,8
732,7
11,8
2576,9
2306,8
2786,7
730,7
214,7
200,7
501,8
699,7
1506,7
594,7
2598,8
2321,8
2142,7
1670,7
442,7
212,7
696,7
2463,7
424,7
336,7
3481,8
1864,7
1863,7
2295,9
61,8
416,9
217,8
1692,8
754,8
758,9
1941,8
525,8
1541,7
706,7
1683,9
551,7
74,7
2124,7
835,7
722,7
1568,7
220,9
1261,7
491,7
450,8
178,10
230,10
750,8
2323,8
678,8
570,7
413,7
807,7
127,8
571,9
1754,7
1621,7
201,7
3033,7
310,7
173,7
254,7
454,9
612,7
615,8
227,9
396,8
1460,9
2653,8
317,8
323,8
170,8
776,8
3151,9
881,7
2711,7
1288,7
1746,8
3285,8
369,7
720,8
1427,7
904,7
260,7
386,7
2593,7
3450,7
2684,7
206,7
1516,10
2604,8
2265,7
2395,7
1775,7
1987,8
72,7
53,8
363,10
2438,9
1162,7
1998,8
62,8
184,8
188,10
89,8
619,9
703,8
649,9
2977,8
1841,7
1099,9
800,9
451,8
2591,7
349,8
893,8
490,7
637,9
139,7
3482,7
43,9
823,8
109,7
2572,8
747,7
2623,7
345,7
1918,7
1621,7
1418,8
574,7
1396,8
199,8
36,8
56,8
3475,8
2948,7
1417,7
3135,8
1359,9
862,7
419,7
709,7
551,7
3138,7
2586,8
2493,7
2137,8
163,7
245,8
866,9
2568,8
1505,9
207,8
944,8
1971,8
613,7
1834,8
2770,8
1519,7
6,9
2089,9
399,7
3303,7
2784,7
2743,7
1485,8
582,8
1934,8
2698,8
1161,8
138,7
1740,8
166,7
2378,8
1485,8
1833,8
2077,7
695,8
2762,7
2940,7
690,7
626,8
703,8
287,7
214,7
1911,7
2859,7
222,7
393,9
679,8
13,7
1600,7
2313,7
605,7
400,8
449,9
1315,7
1811,8
1625,7
450,8
890,8
10,7
425,7
2356,7
149,7
2087,7
900,8
1339,8
396,7
2138,7
3489,7
605,7
429,8
355,7
277,8
181,8
751,9
3051,7
162,8
372,8
18,7
2104,7
554,8
435,7
561,7
2528,7
647,7
1542,8
279,7
973,7
42,7
309,7
845,7
833,7
716,7
832,7
362,7
35,7
14,8
2003,9
3409,9
2056,8
2392,10
628,8
869,10
431,8
812,9
2852,9
27,9
3147,9
983,8
3288,8
472,9
335,7
128,7
1841,8
39,8
1987,7
15,7
735,7
2134,7
94,7
209,9
97,7
3034,7
550,9
2287,7
1345,7
2298,9
58,9
2292,8
711,9
789,9
979,8
1033,7
2422,7
578,7
777,8
1061,8
885,7
1645,7
2959,8
2239,8
115,8
3231,8
2294,8
825,8
717,7
2883,8
661,9
334,8
222,8
199,8
1158,9
1159,7
2446,8
142,7
1411,8
237,8
2110,7
2836,8
709,7
37,8
285,7
659,7
1174,7
606,7
544,7
446,7
2068,8
200,7
3046,8
2700,8
2340,7
368,7
233,8
825,7
1227,7
165,9
719,8
1795,7
2909,8
229,9
270,7
1946,7
1014,7
2051,9
2814,7
517,8
1637,8
961,7
820,7
124,8
83,9
381,9
62,8
23,9
212,8
3273,8
1797,8
849,8
20,8
1939,8
552,8
2042,8
463,8
104,8
1738,8
1692,9
316,8
445,7
171,8
413,7
1300,7
2361,7
145,7
167,8
1570,7
3336,7
304,8
769,7
688,8
2252,9
314,8
387,8
2354,8
157,8
185,8
479,7
2045,8
232,8
2448,7
1044,10
67,7
1903,7
913,8
879,7
2159,8
1049,7
2444,7
3003,9
1645,7
1527,7
2159,7
824,7
3054,8
695,7
1647,7
410,8
1884,7
42,8
1449,7
1913,7
769,8
189,8
83,7
2445,7
1980,7
1978,7
2610,9
713,8
1255,9
450,8
434,8
89,7
2189,9
2340,7
567,7
84,7
1842,7
1247,9
36,8
1433,8
2047,7
681,7
2246,7
1861,7
18,7
2468,10
687,8
3347,9
2824,8
545,9
275,7
1155,7
1419,8
447,8
2119,7
921,7
28,7
782,8
185,7
731,7
2130,7
101,7
1468,7
750,7
92,7
2862,7
1572,8
1554,9
193,8
2562,9
3098,8
398,7
2983,7
260,7
1627,8
44,10
195,9
35,8
3003,7
1684,8
2081,8
1910,8
141,8
1203,9
1430,8
3266,8
3276,8
1445,8
512,9
2717,8
253,8
380,8
1145,9
444,8
2200,10
30,8
1105,8
1573,8
2777,8
53,8
3038,8
2090,7
1234,7
1446,7
2641,7
362,8
3246,7
1176,9
2083,8
118,7
1883,8
6,8
652,7
1455,8
993,7
1880,7
1152,7
2920,7
375,7
108,7
442,8
3012,7
1156,7
262,7
459,8
2076,7
548,7
8,10
403,7
939,8
866,7
1556,7
250,7
892,7
390,7
2931,7
795,7
563,7
76,9
1268,8
88,8
226,9
640,7
2250,7
743,8
1341,8
1583,7
3236,7
1181,9
2832,7
197,8
360,7
2212,7
1296,7
891,8
1990,8
764,8
2885,7
470,6
1595,6
746,7
2599,7
2324,7
2426,6
1325,8
2423,8
2898,7
170,6
2356,7
1582,7
2440,8
187,7
2289,8
3192,6
171,7
428,7
430,7
1826,8
3160,6
223,7
450,6
704,6
2963,6
2926,6
107,6
851,6
110,7
670,6
537,6
2742,7
455,7
576,7
426,6
301,7
3281,6
456,6
649,6
2451,7
607,6
2087,7
1501,6
799,6
243,6
2331,7
316,7
645,7
1884,7
119,7
3344,8
2546,7
1299,6
2168,7
1181,6
642,7
2703,6
742,7
827,6
2080,6
8,7
548,6
1865,7
2659,7
465,6
661,6
1479,8
720,7
277,7
366,6
163,7
2539,6
1157,6
574,7
1472,7
708,7
239,6
486,7
2861,6
404,6
1410,6
1571,7
224,6
352,6
631,7
2481,7
59,7
2110,7
1648,7
1644,7
556,6
2076,6
976,7
2822,6
694,6
1371,8
2171,8
766,6
3029,8
1126,6
202,6
1041,6
165,6
808,8
3083,7
84,7
389,7
1027,8
3008,6
774,7
908,7
89,6
2270,6
346,7
306,7
118,7
296,8
27,6
430,6
574,6
219,6
2210,6
2035,6
1407,6
2452,6
2211,6
2644,6
1471,7
1660,7
2919,7
501,7
390,7
933,7
565,6
274,6
1367,7
818,8
3044,8
454,7
186,6
1359,6
2854,6
997,6
2275,6
2865,7
471,6
249,7
22,8
355,7
513,6
1317,7
19,7
1319,6
2103,6
2730,6
1951,6
515,7
1291,7
345,7
2155,7
296,7
546,6
820,6
2691,8
712,6
145,8
911,7
2712,6
1209,6
678,6
80,6
562,6
2285,8
2834,6
1712,6
812,6
86,8
1603,6
2449,7
36,6
2971,6
2314,7
336,6
168,6
1059,8
1820,7
2969,7
395,7
1576,9
207,9
3119,7
909,7
1421,7
103,7
761,7
1895,6
1319,7
267,6
1131,6
3208,8
387,7
432,7
1547,6
805,7
1757,6
2018,6
495,6
1636,7
2498,8
2536,6
1635,7
669,7
88,8
2787,7
175,6
420,6
96,6
89,6
507,7
668,7
1141,7
1019,7
1575,6
1307,8
1125,8
476,7
139,6
172,6
319,7
2568,6
2900,7
1323,7
1,7
767,6
791,7
322,6
350,6
347,6
344,6
106,6
1254,7
1035,6
2891,7
1194,6
193,6
521,7
430,6
1853,6
34,6
1149,6
2490,7
2212,8
1860,6
256,6
1552,8
477,6
2085,7
2782,6
664,6
1413,6
2462,7
216,9
634,9
1267,6
156,7
131,6
1848,7
86,7
83,6
1603,7
2592,7
1745,7
1997,6
1985,7
3034,7
1384,6
3015,7
15,7
2069,6
135,7
2780,7
1288,7
33,6
2683,6
9,6
93,7
1927,8
2930,6
515,7
52,7
3,6
60,6
2742,6
1235,6
2428,7
13,7
93,8
1767,6
2809,6
3261,6
2805,7
1102,7
91,6
259,7
2010,6
989,6
3206,7
188,7
3390,6
1631,6
1917,6
27,7
3368,8
1850,6
396,6
3131,6
936,6
1445,6
3497,6
665,6
473,6
950,7
815,7
21,7
759,7
1707,7
252,6
1579,7
379,6
365,7
339,7
2705,7
995,6
741,7
236,6
302,6
5,8
2461,6
2672,6
73,6
74,6
2174,6
486,8
2721,6
1122,7
763,7
179,6
384,7
543,7
844,8
1085,6
1262,6
1094,6
131,6
932,6
948,7
466,6
216,6
487,6
1805,6
476,7
450,9
2500,7
163,7
1876,7
1470,7
152,8
3136,7
185,7
181,7
829,9
902,7
1321,9
246,7
457,7
2514,7
3245,7
2551,7
433,7
3326,6
219,6
695,8
107,6
898,6
146,7
760,7
2393,7
250,7
1883,7
285,8
67,8
706,7
2688,6
463,6
779,6
513,6
659,6
707,6
3235,7
1759,7
1801,7
168,7
648,6
770,8
535,6
2204,7
3,6
9,6
114,8
267,6
1037,8
2170,7
2317,6
1727,7
3140,7
121,6
1139,6
320,6
1724,7
2592,6
3087,6
1243,6
2409,6
769,7
50,6
2226,6
161,6
1071,6
2658,7
1983,6
168,6
172,6
2414,6
281,6
2127,6
313,6
388,7
1905,6
1623,6
3166,6
1908,6
322,6
526,6
1914,7
2279,7
1822,7
3373,6
681,7
2294,7
1057,7
2674,7
239,6
2995,6
665,8
45,7
2484,7
2453,7
245,7
365,7
78,7
2601,7
2047,7
1007,7
847,7
54,6
2483,7
21,7
446,7
381,7
527,6
1351,7
3361,7
662,8
702,6
109,7
2372,10
2772,7
1681,8
3292,7
2194,7
597,8
519,6
298,8
2224,7
2259,7
410,6
2507,7
133,6
1703,6
1181,6
1095,6
1291,6
181,6
1372,7
1048,7
2,7
2242,7
328,7
2370,8
1217,6
363,6
870,6
30,7
232,7
3252,6
2980,6
326,6
1718,6
192,6
186,7
767,7
29,9
2037,6
704,9
945,7
37,6
414,7
2148,6
631,6
489,6
919,6
1955,6
1030,6
389,7
388,7
449,7
2478,7
646,7
2014,6
2301,6
236,6
753,6
980,7
364,7
2266,6
23,7
3394,7
1969,6
1974,6
476,6
658,7
532,6
340,7
515,6
2436,7
2341,6
878,6
18,6
569,6
2331,7
90,7
2046,7
177,6
1071,6
163,6
65,7
167,7
2795,7
144,6
664,7
1076,7
1373,8
774,6
281,6
2217,6
171,6
646,7
667,6
3258,7
294,6
312,7
2776,6
120,6
2287,6
887,6
2670,6
157,6
2756,6
1745,7
2059,6
1145,6
2071,7
2073,6
427,6
2136,7
1846,6
353,7
122,6
129,6
2936,6
672,7
631,6
224,6
3008,6
1630,7
282,6
1868,7
182,7
3354,7
1895,7
1018,7
2419,8
2638,7
1526,7
302,7
1004,8
2076,7
3248,7
2034,7
255,7
1585,8
305,7
314,7
698,8
552,7
561,6
248,6
2484,6
2888,7
291,6
75,6
163,6
2697,6
311,6
333,6
1316,6
149,7
445,7
467,6
2841,7
1784,6
9,6
293,6
2736,6
1739,6
117,6
1851,7
875,9
793,6
2120,6
245,6
1548,6
638,8
332,6
1471,7
2488,6
14,8
514,7
300,6
1356,6
649,6
180,7
180,7
641,7
436,7
3419,7
108,7
2749,7
512,7
1298,8
2176,7
553,6
2496,7
2620,6
2133,7
655,6
2536,6
401,6
2739,7
382,6
671,6
290,6
593,6
533,10
378,7
65,6
1886,6
1059,7
2346,6
1483,6
1387,6
1793,5
522,7
2381,5
1525,5
1413,6
92,5
1549,6
1440,7
2351,5
1036,6
515,6
361,5
1345,5
1314,5
141,5
415,5
251,6
458,7
1205,6
1087,5
3010,6
293,5
2220,5
1417,5
1540,5
1823,5
65,5
2267,5
1180,5
1128,6
1534,7
192,5
1758,5
1733,5
2427,5
1115,5
72,5
1229,5
1630,5
1346,5
1801,5
3214,5
771,6
137,5
87,5
1140,5
1464,5
335,5
291,7
2276,6
123,6
218,7
191,6
732,6
2352,5
1088,6
2100,6
455,5
1888,5
2079,5
2233,6
87,5
2621,6
651,5
2085,5
526,6
388,5
736,5
3037,5
1650,6
15,6
230,6
2105,5
556,5
426,6
53,5
121,6
946,5
2672,5
3040,6
2092,5
289,5
233,5
5,6
147,5
298,5
1407,7
109,6
312,5
95,6
2235,7
1376,5
651,5
2335,5
627,5
2487,5
602,5
1862,5
452,5
136,5
637,5
2840,5
1259,5
2057,5
648,6
611,5
1819,5
1961,5
844,5
2250,6
471,5
862,5
470,5
614,5
535,6
1914,6
99,7
2798,6
1118,6
277,6
3045,6
2,6
757,6
1791,5
749,5
1043,6
1392,6
334,6
187,6
956,5
928,6
288,5
582,5
3451,6
3174,7
2144,7
2145,6
640,6
1594,6
1731,5
3104,6
1180,6
581,7
655,6
68,6
251,6
2311,6
158,6
2317,5
384,6
2956,5
2797,6
196,5
2537,6
207,5
2103,5
708,5
2849,5
2406,6
20,5
2859,5
1386,7
3000,5
170,5
3050,5
2341,6
536,6
2800,5
396,6
278,6
832,5
1194,5
241,5
872,6
568,5
129,5
84,6
2947,5
102,5
2153,5
415,5
1950,5
206,7
3173,7
213,7
3404,6
216,6
2454,6
2838,5
33,5
63,5
188,5
2021,5
81,5
2290,5
2180,5
2614,7
2302,6
2476,5
2743,6
156,5
39,5
668,5
226,5
2587,5
1975,5
333,5
2767,5
964,5
2560,5
1902,6
1617,5
1522,5
2265,5
2264,5
231,6
1429,7
307,6
1416,6
1683,6
2108,6
1267,6
616,6
435,5
156,7
1957,5
601,5
1920,5
2514,6
389,7
2377,5
484,5
273,6
249,7
2389,5
2152,5
2177,5
646,6
804,8
3238,5
101,5
547,5
194,5
2161,6
189,5
509,6
3413,5
2691,5
1412,5
1382,6
1891,5
1198,5
1419,5
583,5
1090,5
241,6
114,5
608,5
203,9
2629,7
464,6
608,7
1436,6
578,6
524,6
113,7
666,6
2545,6
779,7
438,7
212,5
686,5
3454,5
2582,5
2147,5
2143,5
151,5
224,5
1800,5
2480,5
518,5
1929,5
15,6
3072,6
308,6
2337,5
683,7
1547,5
1714,6
859,6
3059,5
394,6
752,5
1236,5
630,5
348,5
563,5
1191,6
2407,5
1648,5
2625,5
1725,6
1383,6
2067,7
402,6
2757,6
1435,6
2793,7
837,5
1077,6
174,6
28,5
159,6
524,5
896,5
1437,5
743,7
1461,6
2179,6
669,6
1122,5
2140,5
864,5
1022,5
2794,7
4,5
1080,5
747,5
975,5
2940,6
2866,5
1296,6
1901,7
2360,5
2173,5
1178,5
222,7
1302,5
488,5
365,7
2671,5
2540,5
1196,5
2335,5
282,5
3272,6
418,6
2208,6
1572,5
197,5
1224,6
2502,5
1099,5
24,6
801,5
2683,5
1511,5
1410,5
469,5
2268,5
3434,6
790,5
455,6
248,7
525,6
2553,5
30,5
85,5
1326,6
3058,6
81,6
2358,5
1840,5
1017,5
2339,5
9,6
1714,6
311,6
1396,7
1710,5
1368,5
1597,5
2857,5
1969,5
2590,5
677,7
1239,6
2104,5
2943,5
3044,5
132,5
3493,6
2047,7
2,7
47,6
32,7
601,6
2747,5
182,6
772,6
1604,6
522,5
206,5
2049,6
2939,6
418,6
467,5
153,6
1901,6
1112,6
2489,5
443,5
265,5
349,5
154,5
174,5
3039,5
1389,5
3274,5
2206,5
3062,5
1590,6
623,5
22,6
1760,7
221,5
520,5
2911,5
2507,5
174,5
880,5
2498,5
265,5
4,6
24,6
1063,5
590,5
707,6
70,6
93,6
2530,6
379,6
1990,5
491,6
1443,6
2361,5
848,7
63,6
987,6
914,6
116,5
2,6
667,6
2682,5
1700,5
2533,5
2486,5
2342,7
938,5
743,5
3011,5
661,6
2412,5
85,6
270,5
1628,5
1915,5
1760,5
134,6
298,5
252,5
2485,5
2527,5
755,5
1893,5
813,5
57,6
706,8
1870,5
340,5
262,5
506,6
2393,5
463,6
2724,5
1283,5
1909,5
1622,6
1981,5
356,5
164,6
349,5
1071,6
1497,6
385,6
929,5
2043,5
1755,6
648,5
2556,6
831,5
550,5
2752,5
10,5
335,7
603,6
2713,6
3420,6
1478,6
161,7
94,8
2348,6
1763,6
656,7
391,6
557,6
170,6
322,6
1866,7
2588,6
301,6
186,6
105,6
707,6
2115,7
746,6
3,6
1633,7
163,6
95,6
136,7
1138,6
1347,6
1202,8
566,6
1358,5
182,7
2487,5
217,5
2657,5
693,5
479,5
82,6
242,6
122,6
1877,5
1913,5
156,5
725,6
722,7
94,6
523,7
2821,6
1,6
1662,6
1277,6
3259,5
185,6
504,5
347,6
906,5
1219,6
1886,6
217,5
887,6
445,5
2073,5
2091,5
724,6
722,6
2835,6
2340,6
2622,6
1116,6
86,5
2239,6
385,5
734,8
1057,6
1028,6
1002,6
1290,5
157,5
452,5
369,5
49,6
176,6
360,6
2057,6
2016,6
2833,5
2470,6
822,6
1787,5
2171,5
763,5
9,6
582,6
1743,5
1509,7
1735,5
20,5
3120,6
2208,5
2140,5
1575,5
107,5
1781,5
2677,5
1783,6
271,5
236,5
601,6
1256,5
806,5
130,5
1330,6
2699,5
1459,6
1968,5
727,5
3154,5
2480,5
3480,5
137,6
2631,6
1953,5
138,5
2068,5
13,6
1890,7
1827,6
2498,5
1406,5
2362,5
447,6
1857,5
190,6
2355,6
1273,6
263,6
774,6
527,6
90,6
172,6
105,6
141,6
637,6
1672,6
491,6
531,5
1729,5
337,6
846,6
136,6
101,6
962,6
1651,5
2544,7
1749,5
1064,5
1391,6
2518,5
2248,6
63,7
2648,5
2600,6
36,5
573,5
2170,5
250,5
1027,5
642,5
2753,5
1314,6
243,6
1671,6
258,5
1195,6
1189,6
146,6
84,6
1909,5
111,6
76,5
417,5
756,6
2542,6
2328,6
604,6
606,6
2246,6
78,5
2224,5
1509,5
2358,6
578,6
591,6
2532,5
2185,5
1038,5
1831,5
2957,5
2640,6
2228,5
826,7
1973,5
268,5
2950,6
422,6
924,6
1148,6
56,6
3004,5
858,6
1979,6
2913,7
1314,6
338,5
904,6
856,6
17,5
135,5
1056,5
117,6
256,5
2267,5
389,5
352,5
656,5
2421,6
613,6
1563,6
2791,5
510,5
181,5
179,5
3050,5
375,5
103,5
125,6
1637,5
859,6
55,6
329,6
2494,5
648,5
2191,5
1638,6
744,5
143,7
3230,5
2141,5
1260,5
316,5
3455,5
2130,7
365,6
2636,5
2189,6
261,6
3027,6
1162,5
63,6
880,5
2933,6
675,6
73,6
26,6
1425,6
103,6
1325,6
2085,6
945,6
167,6
2355,6
1578,7
705,6
886,6
362,6
1328,6
3437,7
2598,7
1180,6
366,6
1547,6
18,6
467,6
24,6
1529,6
2815,6
2225,6
456,5
2131,5
1536,5
243,5
392,6
1043,6
701,5
1504,6
603,6
2825,6
1250,5
2673,5
2524,5
2349,6
643,5
3423,5
1872,5
1868,6
2106,5
831,6
12,5
2313,5
47,6
137,6
1624,5
232,5
2378,5
257,5
576,6
2202,6
474,6
656,6
3057,6
43,6
676,7
1138,6
1600,5
2615,6
1016,6
2071,5
539,5
235,5
253,5
669,5
320,5
3099,5
67,6
619,6
2166,4
112,5
121,5
3162,5
5,6
897,5
2373,5
1849,5
1818,5
2702,5
298,6
2675,4
1342,4
1531,6
179,4
414,4
2187,5
1254,4
835,4
2183,4
1580,5
3250,4
1662,4
457,5
120,4
3366,6
3237,6
420,5
2324,5
710,6
1135,5
84,4
2188,4
76,4
94,4
215,4
64,4
956,4
69,4
620,4
92,6
392,7
2000,6
698,5
2523,4
494,5
929,5
636,4
319,4
2364,5
300,5
988,4
1756,4
1580,4
1018,4
2061,4
1109,4
775,4
1135,5
1318,4
709,4
138,4
2467,4
1714,5
179,4
994,5
771,5
2022,5
100,5
696,5
661,4
341,4
2789,4
2902,4
505,4
2215,5
200,4
412,4
157,4
1051,4
1462,4
1128,5
499,4
2013,5
2561,5
2591,4
36,4
644,4
58,5
459,5
741,4
393,4
394,4
1004,5
3152,4
291,4
315,4
94,5
3289,4
2119,4
2453,4
2907,5
2634,4
1526,5
684,5
10,5
2044,4
2028,4
1521,4
1068,4
1246,4
943,4
586,4
37,4
2458,4
1151,5
276,4
59,4
400,4
1988,4
104,5
1251,5
610,4
3494,4
394,4
927,5
133,5
146,6
136,5
473,6
2388,4
184,4
918,4
539,4
288,4
513,4
2599,4
96,5
149,5
3456,5
444,4
78,5
258,4
412,4
1356,4
76,6
600,6
973,6
162,6
1949,7
432,5
53,4
359,5
225,5
583,5
46,5
2144,5
2329,4
1999,4
381,4
2679,4
217,4
3270,4
562,4
867,4
542,5
1077,5
117,5
794,4
167,6
251,4
108,4
3002,4
2644,4
1893,4
2386,4
1613,4
1602,5
452,5
1193,4
562,4
250,4
762,4
2881,4
9,4
29,5
321,6
3411,5
97,5
931,5
101,5
185,5
565,4
2844,4
1324,4
454,4
273,4
75,4
2217,4
344,5
957,5
3463,4
234,5
198,5
1449,4
214,4
1792,4
1738,4
1978,4
3185,4
579,4
217,4
2521,4
2877,4
566,4
184,4
891,4
1469,4
336,4
173,5
1737,4
2731,4
2273,4
1201,4
2060,4
3171,4
3021,4
2240,4
1609,4
2344,4
2390,4
1366,5
1178,4
89,4
2616,5
2694,5
470,5
2156,6
1414,5
329,5
2118,5
847,4
414,4
2512,5
409,4
239,4
271,6
2018,4
1967,4
1546,4
2160,4
1859,4
1257,4
1535,5
286,5
1207,4
1947,5
1550,4
767,5
763,6
2279,4
2664,4
216,4
1943,4
2640,4
888,4
1418,4
615,4
1166,4
69,4
68,4
169,5
451,6
88,5
86,5
83,5
373,5
652,5
1963,5
266,5
142,5
1958,6
2583,5
1957,5
141,5
2327,6
2422,5
307,5
598,5
395,5
47,5
1378,6
1377,7
2,5
159,7
871,6
140,7
1790,5
1854,5
205,5
1983,4
478,4
187,4
80,4
2154,4
1585,4
1577,4
757,4
403,4
72,4
475,4
1923,4
90,4
40,5
1842,4
2255,4
644,4
534,4
478,4
3070,4
3117,4
2343,5
172,4
806,4
895,4
886,4
58,4
12,4
35,4
1093,4
1326,4
1110,4
24,4
1406,4
1405,4
1404,4
1472,4
3148,4
1090,4
661,4
2028,4
1404,4
3030,4
2414,4
1685,4
2193,5
1116,4
1803,5
1534,4
196,4
1160,5
1802,4
320,6
1820,4
2098,4
2128,5
1687,4
879,4
3378,4
1925,5
194,4
280,5
121,4
1532,4
381,4
1763,4
1629,4
675,5
1113,6
1208,6
254,5
1147,7
1129,5
1719,4
2204,4
875,4
111,5
2093,5
569,4
657,4
1550,4
243,4
1881,4
1849,4
49,4
224,5
449,6
3090,4
3089,4
1823,5
693,6
8,4
116,6
2045,4
1254,4
88,4
2513,4
1117,4
3295,5
108,4
346,5
2147,4
434,4
1008,5
240,5
588,5
389,4
1218,4
241,5
1266,5
2465,4
2765,4
48,5
390,6
1814,5
1252,5
493,4
1858,4
3109,4
302,4
3342,4
44,4
1408,5
2764,4
2577,5
2165,4
166,4
2200,6
119,4
1592,5
2599,4
468,4
3014,4
105,5
1844,5
1773,5
128,4
1182,6
237,4
901,4
1786,4
2129,5
1825,4
4,5
1502,5
304,4
620,4
2680,4
2086,5
74,4
143,4
3107,4
2048,4
508,4
3309,5
1521,5
1659,4
2296,5
1385,5
2716,5
1622,4
1658,4
826,5
1242,4
223,5
2904,5
3257,4
2150,4
2236,4
2519,4
1233,6
773,4
1918,4
2499,4
2984,5
441,5
7,6
378,4
238,4
2809,5
492,5
350,4
2625,4
2251,4
544,4
1915,5
577,5
920,6
525,5
2593,4
1065,5
2261,4
2522,4
2058,4
109,4
2549,5
481,5
170,5
698,5
1320,5
66,4
2470,4
2966,4
145,5
2665,5
472,6
78,4
1705,4
330,5
2910,4
382,4
331,4
687,5
2361,5
780,5
91,4
76,6
397,4
1871,4
568,4
1246,4
810,5
1669,4
19,4
3435,4
2437,4
2105,4
1895,4
256,4
1142,4
2559,5
766,5
61,4
899,4
438,4
238,4
2852,4
1844,4
297,5
460,5
86,4
192,4
461,4
3165,4
2045,4
657,4
1798,4
1266,4
2117,4
173,5
3183,4
147,5
515,4
2049,5
607,4
221,6
2625,4
1977,5
612,5
764,5
1923,4
72,5
125,4
3267,4
57,4
72,4
177,4
2678,4
708,4
673,4
121,4
437,4
1084,4
1023,4
2226,4
699,4
300,4
453,4
2470,4
654,4
277,4
305,4
316,4
41,4
1579,5
2648,6
936,5
638,5
604,6
25,5
2552,5
543,5
611,5
445,5
400,5
312,5
419,5
390,5
2006,5
2050,7
267,5
900,5
1781,7
156,5
3127,5
114,5
428,5
22,5
2731,5
1032,5
1727,5
2322,6
3085,5
667,5
218,5
690,4
222,4
781,4
3431,4
688,4
3310,4
948,4
3444,4
2723,4
28,4
2628,5
489,5
475,4
164,4
1468,4
1991,4
1915,4
2771,6
2052,6
2281,4
4,5
1286,5
167,5
2084,5
615,4
676,5
530,4
1458,5
40,4
2505,4
349,4
54,4
187,4
119,4
2766,5
2869,4
2130,5
2442,4
1985,4
66,4
579,6
1091,6
14,5
1073,4
787,5
39,5
440,5
641,4
468,5
485,5
823,5
2098,4
151,4
1824,5
422,4
290,4
2192,5
662,5
781,5
217,5
1868,5
2921,4
140,4
219,5
2557,4
36,5
2205,5
260,4
125,5
2347,4
368,4
690,5
556,5
472,4
2508,4
1111,4
2385,4
811,5
188,4
607,4
1502,4
3129,4
578,4
253,4
968,4
3016,4
17,6
1932,5
823,4
2118,4
1676,4
258,5
1723,4
2118,4
593,4
320,4
1190,4
126,4
1894,4
3161,4
591,4
444,4
324,4
130,4
2474,5
630,4
599,4
1819,4
2906,4
1396,4
457,5
287,4
1647,5
166,5
1009,5
1134,4
2027,5
43,4
341,4
2039,4
1543,4
2082,4
167,4
2291,4
958,5
373,6
628,4
808,5
3018,5
123,5
2630,5
2609,4
781,5
2522,5
701,5
1124,5
662,4
1300,5
1299,5
249,4
26,5
23,5
604,5
2359,5
977,5
2592,5
1062,5
3387,4
83,5
1164,5
59,4
1329,5
299,4
175,4
222,4
790,6
196,5
1969,6
1121,6
276,5
1998,4
2211,5
59,4
639,4
2463,4
359,4
739,4
2269,5
839,4
2041,4
1289,4
765,4
525,4
2843,4
452,5
2346,5
218,4
148,4
244,4
148,4
801,4
2360,5
1800,5
849,5
442,4
2355,5
1907,6
1045,4
199,4
191,4
3321,4
7,5
2589,5
189,5
730,4
166,5
1387,5
505,5
1701,4
3030,5
2570,5
2652,4
564,4
2298,4
1928,4
2808,4
2864,4
1591,5
190,4
484,4
534,5
1882,4
856,4
541,5
2066,5
1113,4
618,4
1517,5
674,5
1869,5
789,4
700,4
2307,4
67,4
340,4
1335,4
195,4
2321,4
960,4
2473,5
150,5
158,4
2289,4
1141,4
353,5
1619,4
861,4
320,4
2139,5
229,4
659,4
85,4
45,4
2223,5
1279,5
1431,5
2014,5
865,6
2774,5
1463,5
2426,4
112,4
1825,4
157,4
128,4
340,4
21,4
280,4
1967,4
1538,4
1897,4
1086,4
1731,6
692,4
1567,4
230,4
3149,4
2242,4
588,5
1246,5
1521,4
462,5
3297,4
2458,4
1530,5
2435,4
98,4
1089,6
1838,5
318,5
3199,5
1503,4
285,4
14,4
2110,4
2684,4
266,4
265,4
2069,5
93,4
2744,4
3088,5
511,4
1024,4
1049,4
120,4
2544,4
138,4
1174,4
134,4
133,4
143,4
362,4
386,4
218,4
754,4
3137,6
327,5
1232,5
538,5
539,5
3073,5
464,5
26,5
2934,5
2106,5
380,5
2091,5
331,5
86,5
2806,5
3077,6
2851,5
98,5
309,5
1448,5
779,5
1298,5
1624,5
2202,5
462,5
2507,4
2476,4
434,5
772,5
2067,4
2655,4
1507,4
3006,5
18,4
300,4
807,5
1476,4
1965,4
295,5
2847,4
1750,4
2618,4
2882,4
2723,5
95,4
1480,4
1046,4
787,4
1125,4
1948,4
579,4
83,4
1942,4
2942,4
88,4
60,5
888,4
88,4
272,4
82,4
1574,4
294,5
2799,4
98,4
100,4
287,5
234,5
2528,5
678,5
178,5
409,5
207,5
2167,5
2408,4
725,5
452,4
969,4
2672,5
1035,4
300,4
105,4
1002,5
469,4
178,3
680,3
835,3
2431,4
2348,4
1286,3
2177,3
944,3
1947,4
2415,3
1191,3
2711,3
276,3
476,3
1945,3
1322,3
2455,3
2870,3
1477,5
3181,3
435,3
76,3
64,3
534,3
74,3
1460,3
2400,3
2148,3
229,3
56,3
2019,3
711,3
431,3
2013,4
1453,3
2457,3
643,3
494,3
1481,3
246,3
244,3
3302,3
2107,3
1999,3
1986,3
867,3
784,3
504,3
280,3
214,3
198,3
1523,3
106,3
867,3
1183,3
756,4
1584,3
2521,3
842,3
118,3
965,5
2380,3
237,3
302,4
1646,4
2245,3
3001,4
595,4
131,4
2038,4
109,4
77,4
727,4
728,4
302,4
710,4
25,4
3071,4
143,3
2661,3
123,3
2689,4
1388,3
398,4
1510,4
1090,4
1576,3
2063,3
2053,3
1074,3
2763,3
2519,3
941,3
718,3
516,3
469,3
2227,3
178,3
1159,3
23,4
334,3
395,4
2213,3
347,3
1115,3
170,3
504,3
1083,3
2139,3
2017,4
279,4
600,4
1740,4
2097,4
1802,4
91,3
2141,3
1326,3
816,3
786,3
400,3
2685,4
1788,3
417,3
2144,3
572,3
1450,3
836,3
1295,3
2410,3
354,3
773,3
772,3
1537,3
1807,3
1784,3
1260,3
39,3
502,3
55,4
1032,3
22,3
2667,4
1545,5
2059,3
3153,3
1850,3
2694,3
1615,3
2682,3
2430,3
3221,3
832,3
2538,4
2996,3
1765,3
785,3
1310,3
304,3
1000,3
1993,3
1139,3
2065,4
598,4
1690,4
286,3
2897,4
2678,3
110,3
1027,3
2597,3
999,4
1569,4
1591,4
739,4
2330,3
272,3
76,3
2561,5
423,5
337,5
1564,5
696,5
370,5
1743,4
858,4
1784,4
2726,4
2497,4
2491,4
1950,4
1832,4
102,4
1529,3
1955,3
527,3
955,3
120,3
2646,3
662,4
766,4
311,4
1386,3
2449,3
2171,4
793,3
851,3
1229,3
253,3
1658,3
907,3
327,3
3399,3
103,3
638,3
247,3
486,5
2813,4
802,3
617,3
2578,3
328,4
2302,4
542,4
1719,3
374,3
91,3
2020,3
820,3
29,3
2662,3
2192,5
2909,3
2258,3
406,4
1889,3
419,3
514,3
669,3
2740,3
1380,3
92,4
3196,3
1638,4
2576,3
43,3
653,3
3168,3
1605,3
482,3
2536,3
83,3
19,3
2300,3
2860,3
1545,3
1284,4
3247,4
2875,4
2874,4
1702,4
8,4
94,4
711,4
2213,4
2803,4
851,3
417,3
789,3
361,4
84,3
1592,3
97,3
101,4
1931,4
2699,3
1797,3
297,3
2250,3
2739,4
280,3
1374,3
383,3
7,3
1047,4
572,4
649,3
102,3
954,3
202,7
1140,3
474,3
2009,3
408,4
771,4
2766,4
2042,4
2597,4
1589,4
2054,4
232,4
1188,4
2136,4
1101,4
2745,4
258,4
78,4
1066,4
3268,4
80,5
2456,4
2025,4
910,4
614,4
2819,4
3068,4
3067,4
41,4
785,4
112,4
722,4
1107,4
289,4
737,4
2708,3
498,3
1899,3
1421,3
2208,3
2741,3
555,4
139,3
1945,4
1771,3
2423,4
203,4
2385,3
2523,3
509,3
443,4
1559,4
2847,3
552,3
731,3
2306,3
473,3
889,4
3042,3
1896,3
1227,3
162,3
45,3
77,3
663,3
48,3
3296,3
3469,3
2556,4
1514,3
165,3
52,3
154,3
254,3
2428,3
51,3
1579,3
358,3
357,3
652,3
728,3
211,3
2410,3
1066,3
2869,3
308,4
1518,3
1900,4
1385,5
1384,3
82,3
1204,4
1103,3
1533,3
658,3
2338,4
320,3
305,4
1239,3
2185,3
1302,3
411,3
2624,3
2245,3
614,3
29,3
2508,3
2348,3
1323,3
2960,3
342,3
1248,3
37,3
1446,3
169,4
2969,3
70,4
254,3
2160,3
2878,4
1799,3
1798,3
2952,4
3462,4
742,3
3460,3
3468,3
1216,3
537,3
567,3
1007,4
1228,4
544,3
2629,3
2187,4
230,3
974,3
152,3
333,3
879,5
2194,3
1699,3
1685,3
1555,3
1045,3
2274,3
1288,3
3163,3
959,3
888,3
2756,3
382,4
2953,3
2933,3
1186,3
2894,3
1689,4
2551,4
680,4
1731,4
610,4
2393,4
2137,3
2026,3
2607,3
3023,3
2632,3
2616,3
2503,3
2484,3
2284,3
1965,3
1746,3
1395,3
1353,3
1292,3
594,3
275,3
254,3
213,3
2837,3
459,3
294,3
1171,3
70,3
602,3
2464,3
2755,3
3048,3
2587,3
65,4
2424,3
109,3
1157,3
2593,3
2427,3
725,3
138,3
645,3
1854,3
1856,3
1716,3
1614,3
1563,3
1558,3
1353,3
2230,3
3291,3
335,3
1651,4
2849,4
2305,3
2210,4
1664,4
821,4
202,4
807,4
1554,3
2086,3
2492,4
3047,4
24,3
724,3
2597,3
1076,3
585,3
2637,4
190,4
3491,3
2384,3
2383,3
187,3
2886,3
1240,3
1358,3
475,3
3046,3
333,4
1959,4
1577,3
441,3
312,3
2277,3
907,4
2801,3
458,3
2159,4
1472,3
46,3
298,4
1095,3
2923,4
2182,4
1128,4
2521,3
647,3
2380,3
95,4
273,4
1259,4
408,4
1613,3
487,4
196,4
3116,4
1624,4
1126,4
54,3
2983,3
1360,3
3132,3
176,4
2292,4
2149,4
2142,4
168,4
2549,5
2602,4
591,4
1617,4
1616,3
3197,3
2420,3
498,3
2261,4
148,3
66,3
473,3
2018,3
2091,4
1010,4
762,4
710,3
677,4
45,4
137,3
2011,5
3405,3
871,3
2278,3
41,3
570,3
2398,3
734,5
729,3
2185,3
1161,4
1564,3
976,3
31,4
145,4
1427,3
2576,3
184,3
2842,3
2719,3
322,3
787,3
371,3
841,3
2764,3
2101,3
1231,3
864,3
751,3
502,3
431,3
393,3
270,3
182,3
34,3
1425,3
2891,4
236,4
2322,4
1831,4
598,3
270,3
467,4
664,4
377,3
1142,3
356,3
545,3
925,3
1441,3
2673,3
1650,5
388,3
716,3
197,4
213,3
203,3
1309,3
1281,3
54,3
2051,3
3393,3
2508,3
683,3
489,3
1779,3
2610,3
3118,3
2668,3
2426,3
679,3
283,4
1775,4
371,3
876,3
2309,3
262,3
2251,4
1185,3
2647,3
1520,3
1192,3
1933,3
3092,3
508,3
187,3
1851,3
569,3
2269,4
224,4
684,4
2890,4
490,4
2227,4
2234,4
2211,4
46,4
103,4
1349,4
286,4
2328,4
900,4
566,4
623,4
2550,6
1610,4
1575,4
2271,4
2278,4
2399,4
3392,4
293,4
801,4
197,5
2873,4
2611,4
3007,4
1821,4
1078,3
1200,3
50,3
474,3
1782,3
626,3
2918,3
874,3
547,3
58,3
555,3
785,3
1974,3
1973,3
1710,3
8,3
1876,3
289,3
480,3
171,3
560,3
2601,3
2418,3
1972,4
611,4
112,5
3016,3
371,4
1604,3
1759,4
1836,4
3,4
1416,4
105,4
744,4
531,3
2640,4
917,4
2626,4
1514,4
741,4
221,4
1605,3
1607,3
1608,3
1720,4
483,3
380,3
1791,3
1863,3
416,3
2223,4
3053,3
1739,3
1137,3
1649,3
589,3
578,3
1794,3
2062,3
3005,3
1102,3
464,3
1483,3
2899,4
3018,3
272,3
2632,4
2685,3
72,3
1482,3
874,3
15,3
1153,4
3028,4
142,4
1874,4
134,5
390,4
194,4
1127,3
461,3
337,3
165,3
2701,3
2613,4
261,3
1822,3
141,5
96,4
1274,4
1369,3
406,3
143,3
2303,3
1539,3
982,3
240,3
1023,3
1230,3
1105,3
1937,3
792,3
2905,3
2399,3
3114,3
3096,3
438,3
644,3
2840,3
1845,3
1848,3
590,4
782,4
316,3
2954,4
664,4
461,4
658,4
596,3
2826,3
2116,3
577,3
274,3
474,3
722,4
685,3
1415,3
334,3
80,3
39,3
2321,3
412,3
1841,3
2167,3
2098,3
211,3
2125,3
226,3
1429,3
2072,3
2724,3
2927,3
2096,3
2280,3
1588,3
1363,3
1587,3
3031,3
1870,3
469,3
325,3
1334,3
760,3
2873,3
2779,3
2824,3
2783,4
2785,3
100,3
720,5
1389,4
1833,3
2863,3
797,4
783,4
248,3
1756,3
2163,4
2904,3
1897,4
1206,4
2231,3
399,3
2389,3
2560,3
2543,4
3324,4
1651,4
1029,3
3190,3
298,4
235,4
2248,3
2524,3
253,4
2520,3
2424,3
339,3
3217,3
2575,3
1831,3
2949,4
154,4
3233,4
362,4
3223,4
1461,3
1835,3
154,3
131,3
2635,4
2656,4
915,3
721,4
1680,3
410,4
640,4
2207,3
2949,3
559,3
907,3
2791,3
1779,3
2994,3
3101,3
3100,3
2115,3
26,3
25,3
2528,3
1154,3
738,3
1995,3
2645,3
386,3
564,3
212,3
1221,3
293,3
388,3
3227,4
2256,5
226,3
2661,3
452,3
6,4
672,4
2398,3
1402,5
822,3
680,3
810,3
1929,3
1529,3
133,3
403,4
241,4
2666,4
196,3
3433,4
1394,4
2758,3
1679,3
114,3
1534,3
2395,3
2143,4
2681,4
295,4
2108,4
2113,3
1747,3
179,4
1132,3
291,3
550,3
400,3
1538,3
181,3
132,3
324,3
221,4
1576,3
857,3
2382,3
2960,3
653,3
1975,3
2959,3
2113,5
230,3
1768,3
2061,4
2667,4
2220,4
398,3
363,3
657,3
958,3
1500,4
1492,3
1852,3
982,3
2674,3
71,3
70,3
1157,3
1661,3
1713,3
69,4
32,4
1023,3
554,3
2416,3
235,3
228,4
2929,4
2935,3
2932,3
1129,3
1175,3
1357,3
1197,3
1146,3
1631,4
3007,3
1010,3
2052,3
609,3
2334,4
589,5
294,4
1454,4
1370,4
1303,4
753,4
310,4
1517,4
1249,4
858,4
406,4
851,4
2903,4
824,4
2889,4
2678,3
2181,4
1857,3
2450,3
50,3
84,3
2614,3
2309,3
385,3
309,3
1123,3
1778,3
608,3
703,3
589,3
359,3
3313,3
556,3
554,3
465,4
3424,3
850,3
1354,3
1825,3
1508,3
354,3
1447,3
1911,3
139,4
790,4
718,4
700,4
587,4
322,4
257,4
216,4
172,4
107,4
106,4
40,4
35,4
753,4
282,3
2642,4
258,3
120,4
465,3
670,4
369,4
297,3
1135,3
245,3
580,3
305,3
915,3
424,3
381,3
115,3
113,3
1098,3
686,4
151,4
1290,3
676,2
134,2
951,2
2374,3
2337,2
2200,2
3123,2
1559,2
1170,2
638,2
2701,2
2450,2
1477,2
1466,2
1434,2
1420,2
1257,2
1214,2
503,2
198,2
60,2
58,2
2740,2
2481,2
2133,2
1405,2
1401,2
1327,2
1271,2
941,2
418,2
313,2
186,2
144,2
120,2
107,2
46,2
22,2
483,2
97,2
2263,2
1341,2
1625,2
506,2
274,2
74,2
496,3
2876,2
2779,2
2771,2
2667,2
2653,2
2561,2
2547,2
2452,2
2447,2
2443,2
2404,2
2307,2
2240,2
2235,2
2186,2
2112,2
2041,2
2032,2
2001,2
1991,2
1977,2
1972,2
1964,2
1846,2
1686,2
1634,2
1623,2
1617,2
1597,2
1584,2
1470,2
1439,2
1415,2
1355,2
1329,2
1315,2
1261,2
1255,2
1220,2
1218,2
1212,2
1187,2
1067,2
952,2
933,2
927,2
913,2
904,2
903,2
897,2
857,2
855,2
631,2
624,2
607,2
604,2
602,2
600,2
587,2
583,2
583,2
576,2
565,2
524,2
485,2
460,2
439,2
435,2
435,2
398,2
341,2
330,2
317,2
317,2
313,2
304,2
299,2
290,2
278,2
277,2
269,2
263,2
240,2
219,2
190,2
185,2
174,2
168,2
164,2
146,2
135,2
128,2
62,2
34,2
6,2
5,2
3,2
285,2
96,2
772,2
63,2
2216,2
2607,3
663,2
2153,3
2538,2
2233,2
718,2
910,2
572,2
380,2
2176,3
291,2
2123,2
1390,2
2231,2
1770,2
737,2
417,2
401,2
389,2
122,2
91,2
83,2
549,2
2082,2
1423,2
823,2
623,2
2541,2
2343,2
1222,2
760,2
487,2
420,2
54,2
282,2
2704,2
153,2
1565,2
699,2
321,2
126,2
2790,2
31,2
2304,2
1800,2
2573,2
2322,2
1129,2
832,2
552,2
319,2
1754,2
27,2
2545,2
1346,2
634,2
2655,2
2242,2
2145,2
2094,2
171,2
295,2
418,2
885,2
2621,2
199,2
1388,2
1756,2
2613,2
510,2
1375,2
105,2
3239,2
2697,2
1640,3
3446,2
798,2
64,2
959,3
191,2
741,2
1640,3
653,3
2344,3
3021,3
1327,2
191,4
269,2
2370,2
160,3
327,3
164,3
1078,2
2595,2
1118,3
151,4
666,4
3134,4
2589,2
621,3
2161,3
401,2
1374,2
189,3
390,2
966,2
1253,2
416,2
1456,2
1344,2
151,2
66,2
213,3
195,2
523,2
2527,2
2268,2
269,2
177,2
643,2
2676,2
2621,3
2363,2
613,2
340,2
3225,2
2566,2
245,3
2562,3
2864,2
745,2
744,2
3176,3
61,2
234,2
3065,2
629,2
1123,3
1177,2
425,3
1636,3
2459,2
1772,2
2610,2
1599,2
624,2
3436,2
2892,2
874,2
884,2
1256,2
2903,2
292,2
1944,2
547,2
2302,2
92,2
1836,2
728,2
573,2
1789,2
1429,3
2457,2
382,2
794,2
289,2
1040,2
2195,2
335,2
549,3
2564,3
1892,3
1654,3
1725,2
239,2
712,2
295,2
1538,3
1690,3
2799,2
834,2
356,2
840,2
1732,2
2365,3
786,3
2280,3
231,2
403,2
428,2
603,2
3301,2
1761,3
2628,3
2629,2
744,2
3304,2
882,2
2290,2
2989,2
955,2
264,2
315,2
165,2
367,2
2926,3
2927,2
1947,2
1692,3
134,3
996,3
441,3
111,3
3086,3
1586,3
1007,3
2559,3
1083,3
765,3
761,3
440,4
1568,3
2295,3
2685,3
2383,3
2124,3
1679,3
901,3
1670,3
1031,3
54,3
2102,3
2256,3
1689,3
1220,3
2790,3
575,3
2252,3
1753,3
2635,3
2253,3
2369,3
259,3
2072,2
1764,2
1673,2
801,2
994,3
56,2
2572,2
2402,2
2215,2
2209,2
2037,2
1777,2
1652,2
1491,2
665,2
558,2
547,2
546,2
534,2
530,2
17,2
1921,2
2352,3
17,2
254,2
1413,2
1305,2
682,2
845,2
2288,2
40,2
97,2
1742,2
7,2
1511,2
195,2
2337,2
2010,2
1332,2
2074,2
1935,3
1889,2
846,2
241,2
3194,2
2696,2
173,2
1371,2
16,2
15,2
2075,2
1615,2
416,2
148,2
144,2
361,2
3341,2
3078,2
2496,2
2887,2
478,2
1189,2
1240,2
1385,2
1383,2
357,2
279,2
170,2
2153,2
1481,2
2229,2
8,2
2015,3
2626,3
377,2
1247,3
1311,3
2182,3
2004,3
1855,2
250,2
351,2
1899,2
2225,2
2021,2
2024,2
2022,2
715,3
1794,2
74,2
1532,2
2310,2
2308,2
453,2
488,2
1627,2
803,2
2725,2
830,2
205,2
1424,2
2650,2
2868,3
671,2
2590,2
730,2
2941,3
1885,3
838,2
648,2
97,2
386,2
1270,3
2391,2
45,2
2953,3
322,2
423,2
1971,2
18,2
239,2
2579,2
2908,3
1898,2
884,2
325,2
1862,2
2214,2
743,2
3323,2
2899,2
1244,2
1242,2
272,2
99,2
513,3
465,3
3349,2
3306,2
2801,2
2800,2
2658,2
2606,2
2546,2
2463,2
2421,2
2417,2
2170,2
2135,2
1818,2
1808,2
1685,2
1543,2
1537,2
1535,2
1533,2
1169,2
1153,2
1047,2
945,2
860,2
687,2
619,2
561,2
511,2
503,2
457,2
453,2
420,2
395,2
383,2
265,2
158,2
56,2
34,2
2915,3
2307,2
617,2
296,2
158,2
108,2
107,2
2328,2
1660,2
522,2
1923,2
1564,2
2406,2
2888,2
2895,3
3036,2
2868,2
2397,2
2376,2
2349,2
2132,2
1956,2
1805,2
1607,2
1494,2
1393,2
1298,2
1160,2
1151,2
1122,2
986,2
755,2
641,2
630,2
624,2
614,2
509,2
507,2
503,2
497,2
424,2
361,2
351,2
323,2
306,2
302,2
302,2
182,2
174,2
160,2
148,2
16,2
2,2
407,2
2997,3
1231,3
2913,2
2512,2
434,2
428,2
241,2
26,2
2588,2
2135,2
2049,2
275,2
1364,2
2381,2
589,3
1897,2
1173,2
1156,2
571,2
286,2
3340,2
2397,2
1939,2
1331,2
893,2
339,2
352,3
97,2
1096,2
2218,2
3121,2
1210,2
2976,2
2172,2
1486,2
1050,2
828,2
23,2
2429,2
687,2
2407,2
480,2
395,2
123,2
511,2
2500,2
2402,2
2187,2
1612,2
65,2
2114,2
52,2
51,2
373,2
2651,2
368,2
2981,2
325,2
1694,2
81,2
2249,3
433,2
219,2
779,2
348,2
715,2
815,2
2009,2
1632,2
14,2
3425,2
3397,2
2804,2
2529,2
2497,2
2435,2
2248,2
2212,2
1615,2
1519,2
1444,2
1412,2
1375,2
1159,2
1100,2
919,2
721,2
589,2
571,2
542,2
377,2
221,2
154,2
148,2
59,2
2031,2
825,2
3407,2
278,2
3130,2
2226,2
290,2
208,2
586,3
514,2
261,2
1752,2
3244,2
2050,2
325,3
1717,2
3010,2
664,4
1804,2
2055,2
621,2
1680,2
2893,2
2762,2
2617,2
2040,2
1970,2
1896,2
1352,2
1003,2
532,2
511,2
448,2
401,2
388,2
258,2
73,2
21,2
580,2
1499,2
1936,2
1906,2
518,2
3320,2
3298,2
2579,2
2375,2
2373,2
2371,2
2369,2
2367,2
2303,2
2301,2
2007,2
1840,2
1693,2
1501,2
1498,2
1453,2
1392,2
1236,2
1165,2
1121,2
1046,2
877,2
829,2
699,2
674,2
651,2
643,2
531,2
445,2
435,2
424,2
404,2
397,2
355,2
332,2
324,2
322,2
289,2
282,2
245,2
210,2
136,2
115,2
114,2
110,2
749,2
66,2
63,2
2334,2
1930,2
1838,2
749,2
614,2
405,2
357,2
353,2
351,2
327,2
321,2
271,2
255,2
123,2
118,2
96,2
88,2
83,2
81,2
729,2
3112,2
101,2
756,2
417,2
2517,2
343,2
283,2
609,2
1443,2
2700,2
1312,2
560,2
2995,2
2656,2
2482,2
2081,3
2558,2
1320,2
3024,2
3389,3
600,3
954,2
921,2
6,2
336,3
336,2
2620,3
51,2
549,2
2738,2
1558,2
2108,2
334,2
745,2
3279,2
1100,2
3283,2
3282,2
1622,2
516,2
2078,3
11,3
1040,3
946,3
1474,3
59,3
1574,3
1293,3
283,3
2600,3
604,3
2394,3
1783,3
1304,3
1302,3
682,3
1107,3
387,3
2575,3
2693,3
466,3
57,3
980,3
79,3
385,3
2719,3
2643,3
863,3
3253,3
2937,3
2408,3
2984,2
794,2
1821,2
1354,2
219,2
1967,2
605,3
2406,2
2143,2
591,2
223,2
1596,3
2871,2
1479,4
1204,4
773,4
1719,2
778,2
1493,3
751,3
328,3
321,3
3111,2
1569,3
666,3
541,3
359,3
232,3
2304,2
1981,2
1869,3
1001,3
753,3
645,3
1783,2
337,2
184,2
1735,2
591,3
1949,2
1987,2
370,2
1021,2
1019,2
551,2
2928,3
1289,2
2079,3
2929,2
2979,2
1943,3
1945,3
504,3
505,2
266,2
223,2
432,2
159,3
79,3
31,2
3216,2
50,3
1610,2
692,2
1280,2
2837,2
141,4
264,3
1867,3
257,3
1673,3
269,2
288,2
1067,2
2618,4
1487,4
145,3
52,3
3426,2
1989,4
2173,3
1029,3
1003,3
849,3
2138,2
1258,2
2016,2
2286,2
2282,2
3026,2
3142,2
537,2
3022,2
277,2
3220,2
145,2
2622,2
642,2
2162,2
371,2
933,2
2746,2
342,3
1515,2
1182,2
260,2
2978,2
196,2
113,2
1093,2
1060,2
737,2
3429,3
2121,2
3017,2
540,2
439,2
1992,3
99,2
376,3
93,2
126,2
1855,2
1675,2
1255,2
740,2
671,2
132,2
1573,2
321,2
796,3
148,2
147,2
842,2
97,2
2714,2
565,2
497,2
187,2
585,3
653,3
369,3
1677,2
271,2
1189,2
231,2
288,2
167,2
928,2
196,2
940,2
227,2
2403,2
502,2
2582,2
1721,2
1124,2
528,2
2400,3
2199,2
2325,2
2433,2
208,2
2325,2
206,2
1420,2
2363,2
1176,2
650,2
1346,2
53,2
178,2
1058,3
2139,2
3110,2
3025,2
889,4
2247,3
1593,4
768,3
947,2
1878,4
1465,3
1912,3
3038,3
433,3
131,3
3020,3
2379,3
2054,3
796,3
31,3
29,3
2205,2
792,3
68,3
1954,3
1595,3
1407,3
979,3
411,3
291,3
233,3
152,3
2902,2
1749,3
1569,3
316,3
20,3
2165,3
2161,3
1369,3
1353,3
1133,3
309,3
298,3
1522,3
442,3
2982,2
218,3
1337,2
2362,2
283,2
3219,2
260,2
555,3
1850,2
2197,2
310,2
138,2
234,2
1029,2
641,2
637,2
243,2
1834,2
158,2
431,2
2620,2
937,2
1668,4
3052,3
364,4
244,3
150,2
169,2
781,2
828,2
1087,2
551,2
2080,2
168,2
212,3
246,2
238,2
3011,2
484,2
2058,2
1310,2
2535,2
1275,3
2190,2
2101,2
2332,2
1179,2
2222,2
1591,2
2501,3
770,2
463,2
2178,2
2338,2
3027,2
2401,2
1490,2
2647,2
2691,2
605,2
2095,2
1440,2
2183,3
748,2
2396,2
186,2
1640,2
819,3
74,2
2384,2
2333,2
382,2
264,2
301,2
228,2
1517,2
408,2
3035,2
593,3
1263,3
195,2
2690,2
1400,3
886,2
677,2
1431,2
1655,2
3353,2
1188,2
393,2
310,2
2286,2
1539,2
1051,2
379,2
378,2
319,2
861,2
102,2
998,2
1723,3
997,3
2473,2
1064,2
296,3
580,2
366,2
255,2
149,2
1857,2
110,2
840,2
875,2
3,2
1274,2
677,2
974,4
1143,4
3322,2
2630,2
1770,2
1557,2
2529,2
93,2
1224,2
250,2
1523,2
1464,2
177,2
1528,2
1561,2
1233,2
192,2
130,3
2627,2
2037,2
1691,2
304,2
1041,2
3432,2
1215,2
259,2
1845,2
204,3
394,2
90,3
2816,2
2613,2
1055,2
1054,2
458,2
1042,2
2968,3
45,2
44,2
433,2
114,3
455,2
2038,2
1955,2
371,2
2058,2
1394,2
4,2
888,3
2,3
3001,3
3006,2
447,3
2028,2
24,2
2961,2
81,2
41,2
2017,3
1876,2
2043,3
2033,2
2027,2
2020,2
2019,2
104,3
155,3
2718,3
1026,3
14,3
505,3
2413,2
2178,2
2229,2
1555,2
605,2
2663,2
819,2
769,2
36,2
1455,2
602,2
220,2
2549,2
2596,3
717,2
706,2
3471,2
2353,2
2339,2
1952,2
249,2
3377,2
64,2
2403,2
2774,2
1966,2
755,2
221,2
85,2
42,3
572,2
2795,2
2308,2
1148,2
306,2
585,2
1560,2
2822,2
2826,2
1173,3
2631,2
2315,2
2311,2
394,2
120,2
2775,2
244,2
1121,2
1120,2
49,4
1108,2
236,2
910,1
294,1
294,1
387,1
154,1
2951,1
2934,1
2907,1
2901,1
2844,1
2812,1
2788,1
2704,1
2587,1
2537,1
2398,1
2319,1
2199,1
2072,1
2046,1
1938,1
1887,1
1819,1
1814,1
1737,1
1693,1
1632,1
1601,1
1566,1
1548,1
1542,1
1512,1
1464,1
1432,1
1430,1
1428,1
1403,1
1377,1
1365,1
1359,1
1357,1
1355,1
1275,1
1259,1
1251,1
1224,1
1202,1
1200,1
961,1
855,1
802,1
545,1
459,1
449,1
447,1
444,1
346,1
319,1
308,1
293,1
256,1
227,1
218,1
186,1
184,1
131,1
131,1
101,1
52,1
51,1
47,1
35,1
33,1
30,1
25,1
7,1
3041,1
1993,1
370,1
91,1
2146,2
1363,2
1079,2
711,2
620,2
592,2
497,2
419,2
99,2
3496,1
3461,1
3447,1
3442,1
3441,1
3381,1
3319,1
3286,1
3278,1
3275,1
3232,1
3218,1
3215,1
3202,1
3182,1
3128,1
3126,1
3055,1
3039,1
3033,1
3012,1
3009,1
3004,1
3002,1
2998,1
2994,1
2987,1
2985,1
2981,1
2973,1
2972,1
2970,1
2963,1
2951,1
2945,1
2935,1
2918,1
2917,1
2916,1
2914,1
2905,1
2900,1
2878,1
2863,1
2860,1
2855,1
2850,1
2848,1
2846,1
2842,1
2839,1
2832,1
2830,1
2827,1
2823,1
2819,1
2807,1
2792,1
2777,1
2776,1
2769,1
2767,1
2751,1
2749,1
2748,1
2722,1
2699,1
2698,1
2698,1
2696,1
2696,1
2692,1
2690,1
2687,1
2686,1
2680,1
2677,1
2677,1
2675,1
2671,1
2655,1
2651,1
2649,1
2647,1
2646,1
2645,1
2644,1
2642,1
2639,1
2634,1
2630,1
2617,1
2617,1
2611,1
2609,1
2589,1
2583,1
2578,1
2577,1
2575,1
2574,1
2572,1
2570,1
2569,1
2567,1
2565,1
2564,1
2557,1
2553,1
2548,1
2546,1
2544,1
2540,1
2540,1
2533,1
2525,1
2523,1
2519,1
2517,1
2515,1
2515,1
2513,1
2513,1
2511,1
2506,1
2502,1
2494,1
2494,1
2493,1
2491,1
2490,1
2488,1
2486,1
2481,1
2478,1
2477,1
2476,1
2475,1
2474,1
2472,1
2472,1
2469,1
2468,1
2465,1
2456,1
2454,1
2454,1
2451,1
2448,1
2446,1
2444,1
2443,1
2443,1
2441,1
2433,1
2425,1
2423,1
2422,1
2421,1
2419,1
2417,1
2415,1
2413,1
2411,1
2402,1
2400,1
2396,1
2394,1
2388,1
2386,1
2383,1
2377,1
2371,1
2370,1
2368,1
2367,1
2364,1
2362,1
2359,1
2357,1
2352,1
2350,1
2344,1
2343,1
2336,1
2332,1
2324,1
2320,1
2318,1
2318,1
2316,1
2316,1
2314,1
2311,1
2299,1
2296,1
2295,1
2288,1
2286,1
2283,1
2282,1
2277,1
2268,1
2266,1
2262,1
2260,1
2259,1
2258,1
2257,1
2256,1
2254,1
2253,1
2247,1
2246,1
2243,1
2241,1
2240,1
2238,1
2236,1
2231,1
2225,1
2221,1
2221,1
2220,1
2219,1
2218,1
2218,1
2207,1
2205,1
2198,1
2196,1
2194,1
2193,1
2192,1
2190,1
2188,1
2181,1
2180,1
2179,1
2174,1
2172,1
2166,1
2165,1
2164,1
2158,1
2157,1
2156,1
2149,1
2147,1
2141,1
2137,1
2135,1
2133,1
2131,1
2127,1
2125,1
2125,1
2123,1
2122,1
2119,1
2117,1
2114,1
2114,1
2111,1
2111,1
2109,1
2107,1
2101,1
2100,1
2099,1
2096,1
2095,1
2093,1
2088,1
2081,1
2070,1
2069,1
2065,1
2061,1
2050,1
2046,1
2044,1
2036,1
2032,1
2030,1
2011,1
2009,1
2007,1
2003,1
2002,1
2001,1
1995,1
1988,1
1988,1
1986,1
1984,1
1981,1
1980,1
1979,1
1978,1
1976,1
1972,1
1968,1
1966,1
1958,1
1954,1
1952,1
1950,1
1949,1
1940,1
1938,1
1936,1
1930,1
1928,1
1926,1
1918,1
1916,1
1913,1
1912,1
1906,1
1904,1
1902,1
1902,1
1900,1
1898,1
1893,1
1890,1
1887,1
1879,1
1877,1
1874,1
1870,1
1864,1
1860,1
1860,1
1856,1
1848,1
1842,1
1840,1
1837,1
1835,1
1834,1
1830,1
1826,1
1824,1
1820,1
1814,1
1812,1
1808,1
1806,1
1799,1
1791,1
1788,1
1787,1
1782,1
1773,1
1772,1
1766,1
1764,1
1762,1
1758,1
1757,1
1753,1
1751,1
1751,1
1744,1
1744,1
1744,1
1741,1
1738,1
1736,1
1734,1
1730,1
1724,1
1722,1
1720,1
1713,1
1711,1
1711,1
1708,1
1708,1
1706,1
1702,1
1700,1
1698,1
1698,1
1695,1
1687,1
1687,1
1682,1
1680,1
1679,1
1677,1
1672,1
1670,1
1667,1
1663,1
1663,1
1660,1
1656,1
1654,1
1652,1
1649,1
1648,1
1646,1
1644,1
1642,1
1641,1
1639,1
1636,1
1634,1
1634,1
1633,1
1630,1
1628,1
1625,1
1619,1
1611,1
1608,1
1601,1
1599,1
1592,1
1587,1
1584,1
1577,1
1574,1
1571,1
1571,1
1560,1
1557,1
1556,1
1552,1
1550,1
1548,1
1546,1
1546,1
1540,1
1533,1
1531,1
1528,1
1528,1
1526,1
1524,1
1516,1
1513,1
1510,1
1508,1
1503,1
1500,1
1495,1
1486,1
1480,1
1478,1
1475,1
1475,1
1473,1
1473,1
1470,1
1468,1
1465,1
1462,1
1459,1
1458,1
1457,1
1454,1
1452,1
1451,1
1444,1
1442,1
1439,1
1438,1
1437,1
1436,1
1432,1
1430,1
1428,1
1427,1
1426,1
1426,1
1423,1
1417,1
1414,1
1408,1
1399,1
1398,1
1397,1
1393,1
1391,1
1391,1
1389,1
1387,1
1386,1
1381,1
1381,1
1379,1
1378,1
1374,1
1372,1
1371,1
1363,1
1362,1
1351,1
1350,1
1349,1
1348,1
1348,1
1347,1
1344,1
1342,1
1339,1
1337,1
1336,1
1335,1
1333,1
1332,1
1330,1
1329,1
1325,1
1324,1
1322,1
1321,1
1321,1
1319,1
1315,1
1313,1
1313,1
1311,1
1309,1
1307,1
1303,1
1301,1
1299,1
1294,1
1290,1
1289,1
1287,1
1285,1
1284,1
1276,1
1272,1
1270,1
1265,1
1265,1
1265,1
1263,1
1263,1
1261,1
1257,1
1253,1
1251,1
1249,1
1243,1
1238,1
1237,1
1232,1
1223,1
1216,1
1214,1
1208,1
1205,1
1203,1
1199,1
1197,1
1195,1
1193,1
1192,1
1190,1
1190,1
1185,1
1184,1
1183,1
1167,1
1165,1
1163,1
1163,1
1147,1
1138,1
1137,1
1132,1
1131,1
1130,1
1117,1
1115,1
1114,1
1109,1
1106,1
1105,1
1104,1
1103,1
1101,1
1097,1
1097,1
1094,1
1093,1
1091,1
1089,1
1089,1
1085,1
1083,1
1081,1
1078,1
1075,1
1074,1
1072,1
1070,1
1070,1
1065,1
1061,1
1060,1
1059,1
1055,1
1051,1
1050,1
1048,1
1044,1
1044,1
1042,1
1041,1
1039,1
1039,1
1033,1
1033,1
1030,1
1030,1
1028,1
1025,1
1024,1
1022,1
1021,1
1020,1
1012,1
1011,1
1009,1
1009,1
999,1
994,1
992,1
990,1
990,1
986,1
985,1
984,1
978,1
977,1
973,1
972,1
970,1
969,1
968,1
967,1
965,1
950,1
950,1
942,1
940,1
936,1
934,1
932,1
921,1
908,1
908,1
906,1
903,1
899,1
894,1
890,1
887,1
886,1
883,1
876,1
873,1
869,1
869,1
867,1
865,1
864,1
857,1
855,1
853,1
853,1
845,1
843,1
842,1
839,1
839,1
838,1
836,1
835,1
830,1
829,1
827,1
824,1
821,1
821,1
814,1
811,1
810,1
809,1
805,1
805,1
804,1
802,1
797,1
796,1
795,1
794,1
792,1
786,1
780,1
778,1
776,1
775,1
762,1
757,1
755,1
754,1
752,1
748,1
746,1
740,1
738,1
736,1
735,1
733,1
730,1
727,1
724,1
723,1
721,1
721,1
719,1
718,1
718,1
715,1
714,1
714,1
712,1
712,1
710,1
710,1
706,1
705,1
704,1
702,1
702,1
699,1
697,1
697,1
694,1
694,1
692,1
691,1
689,1
683,1
682,1
681,1
681,1
679,1
675,1
674,1
673,1
673,1
670,1
667,1
660,1
659,1
659,1
658,1
658,1
650,1
650,1
649,1
647,1
647,1
645,1
643,1
641,1
640,1
640,1
637,1
634,1
632,1
632,1
632,1
627,1
626,1
626,1
621,1
621,1
620,1
616,1
616,1
616,1
615,1
611,1
611,1
610,1
610,1
609,1
608,1
604,1
602,1
602,1
601,1
597,1
596,1
595,1
594,1
594,1
593,1
586,1
585,1
585,1
584,1
582,1
581,1
579,1
572,1
570,1
564,1
561,1
558,1
550,1
549,1
546,1
546,1
543,1
541,1
541,1
540,1
539,1
538,1
538,1
538,1
538,1
536,1
535,1
533,1
530,1
525,1
524,1
522,1
520,1
519,1
518,1
516,1
514,1
514,1
511,1
508,1
507,1
507,1
506,1
504,1
502,1
501,1
501,1
500,1
500,1
496,1
492,1
492,1
490,1
490,1
490,1
489,1
487,1
483,1
482,1
481,1
479,1
478,1
477,1
477,1
475,1
475,1
475,1
473,1
471,1
467,1
464,1
464,1
462,1
456,1
454,1
446,1
445,1
444,1
441,1
440,1
440,1
440,1
439,1
438,1
436,1
436,1
436,1
431,1
430,1
426,1
425,1
424,1
423,1
422,1
421,1
421,1
420,1
419,1
416,1
414,1
413,1
413,1
411,1
411,1
410,1
409,1
409,1
409,1
408,1
407,1
407,1
405,1
405,1
404,1
402,1
399,1
398,1
393,1
391,1
389,1
387,1
385,1
385,1
384,1
380,1
379,1
377,1
375,1
373,1
373,1
370,1
370,1
369,1
368,1
368,1
367,1
365,1
365,1
364,1
364,1
363,1
360,1
358,1
356,1
356,1
355,1
353,1
353,1
352,1
351,1
351,1
351,1
349,1
349,1
348,1
348,1
347,1
346,1
346,1
345,1
344,1
343,1
343,1
340,1
339,1
339,1
339,1
337,1
337,1
333,1
333,1
331,1
330,1
326,1
324,1
323,1
319,1
319,1
317,1
315,1
313,1
312,1
312,1
311,1
310,1
310,1
309,1
308,1
308,1
307,1
307,1
305,1
304,1
304,1
303,1
303,1
300,1
299,1
295,1
295,1
289,1
289,1
289,1
287,1
287,1
286,1
286,1
285,1
284,1
284,1
284,1
284,1
281,1
281,1
279,1
278,1
278,1
275,1
273,1
272,1
272,1
268,1
267,1
266,1
266,1
265,1
265,1
261,1
261,1
260,1
258,1
256,1
256,1
255,1
254,1
253,1
252,1
252,1
252,1
251,1
251,1
249,1
248,1
247,1
245,1
244,1
244,1
242,1
242,1
241,1
240,1
239,1
238,1
236,1
236,1
236,1
234,1
234,1
233,1
232,1
231,1
230,1
229,1
228,1
228,1
226,1
226,1
226,1
225,1
224,1
224,1
222,1
220,1
219,1
219,1
217,1
215,1
215,1
215,1
212,1
211,1
208,1
207,1
207,1
205,1
203,1
202,1
202,1
201,1
200,1
199,1
199,1
199,1
198,1
196,1
195,1
194,1
194,1
190,1
188,1
187,1
184,1
183,1
182,1
179,1
177,1
175,1
173,1
173,1
172,1
169,1
166,1
166,1
165,1
164,1
161,1
157,1
155,1
155,1
155,1
153,1
151,1
150,1
150,1
143,1
142,1
142,1
140,1
140,1
140,1
139,1
138,1
137,1
134,1
133,1
132,1
132,1
132,1
131,1
129,1
129,1
128,1
127,1
127,1
127,1
126,1
125,1
124,1
122,1
118,1
118,1
118,1
117,1
117,1
116,1
116,1
115,1
114,1
113,1
113,1
113,1
112,1
111,1
111,1
110,1
110,1
110,1
107,1
104,1
103,1
103,1
102,1
99,1
98,1
96,1
96,1
95,1
95,1
94,1
93,1
91,1
89,1
87,1
85,1
85,1
81,1
81,1
80,1
79,1
79,1
78,1
77,1
76,1
75,1
73,1
72,1
71,1
69,1
68,1
66,1
66,1
64,1
63,1
61,1
61,1
59,1
57,1
56,1
53,1
50,1
50,1
50,1
49,1
49,1
47,1
47,1
44,1
44,1
43,1
42,1
40,1
40,1
39,1
35,1
35,1
33,1
33,1
32,1
30,1
30,1
28,1
28,1
27,1
27,1
25,1
25,1
23,1
23,1
22,1
21,1
19,1
18,1
17,1
16,1
15,1
14,1
12,1
12,1
12,1
10,1
10,1
8,1
7,1
6,1
4,1
3,1
2531,1
1197,1
3243,1
3222,1
2663,1
2542,1
2365,1
2320,1
2032,1
1244,1
1237,1
2788,1
2405,1
2043,1
1642,1
1567,1
1566,1
1515,1
1505,1
1422,1
1276,1
1031,1
335,1
307,1
129,1
123,1
82,1
47,1
1,1
1247,1
1451,1
1279,1
789,1
1674,1
1968,2
599,2
75,1
2820,3
635,1
149,1
806,2
184,2
436,1
3410,2
3145,2
2875,2
2759,2
2758,2
2604,2
1154,2
701,2
429,2
411,2
238,2
160,2
156,2
37,2
177,1
3400,1
2580,1
2541,1
2292,1
2265,1
1956,1
1737,1
1656,1
1643,1
1362,1
1281,1
1077,1
1047,1
952,1
930,1
845,1
790,1
788,1
691,1
495,1
413,1
328,1
223,1
129,1
124,1
87,1
1553,1
7,1
3035,1
161,1
2215,1
558,1
2683,1
2342,1
288,1
551,1
861,1
2882,1
2955,1
1171,1
673,1
276,1
1838,1
1816,1
1796,1
1661,1
1588,1
1562,1
1365,1
1026,1
917,1
834,1
776,1
742,1
739,1
735,1
632,1
592,1
1498,1
2569,1
1582,1
563,1
1045,1
929,1
1378,1
2015,1
225,1
446,1
238,2
1021,1
831,1
344,2
457,1
2197,1
1642,1
484,1
79,2
3032,2
1701,2
1057,2
161,2
2089,1
2582,1
1144,1
1919,1
3167,1
2598,1
866,1
1365,1
3020,1
3019,1
843,1
2329,1
2293,1
740,1
2387,1
654,1
303,1
328,1
1036,1
2405,1
2522,1
3312,1
81,1
1898,1
1689,1
1596,1
1213,1
434,1
135,1
109,1
1626,1
78,1
1497,1
942,1
1187,1
2025,1
2023,1
2701,1
2580,1
2550,1
2482,1
2439,1
2115,1
1888,1
1681,1
1394,1
1240,1
1221,1
1178,1
633,1
437,1
429,1
321,1
193,1
149,1
82,1
71,1
43,1
673,1
200,1
1182,1
1160,1
3060,1
1755,1
2615,1
1725,1
3470,1
199,1
1018,2
542,1
526,1
454,1
30,1
667,1
412,1
3418,1
3364,1
3229,1
2737,1
2702,1
2652,1
2503,1
2495,1
2475,1
2469,1
2466,1
2433,1
2418,1
2412,1
2297,1
2281,1
2230,1
1910,1
1908,1
1904,1
1890,1
1836,1
1828,1
1817,1
1768,1
1716,1
1712,1
1706,1
1682,1
1503,1
1451,1
1445,1
1420,1
1403,1
1369,1
1342,1
1296,1
1278,1
1216,1
1186,1
1171,1
1167,1
1073,1
1072,1
1054,1
1015,1
946,1
877,1
871,1
847,1
815,1
778,1
769,1
757,1
747,1
715,1
689,1
625,1
618,1
612,1
560,1
536,1
499,1
493,1
489,1
470,1
405,1
387,1
381,1
373,1
371,1
361,1
360,1
321,1
317,1
275,1
261,1
243,1
209,1
205,1
198,1
192,1
188,1
177,1
175,1
171,1
168,1
166,1
164,1
162,1
156,1
149,1
140,1
100,1
78,1
65,1
49,1
46,1
44,1
43,1
42,1
38,1
28,1
20,1
18,1
16,1
10,1
6,1
3066,1
765,1
624,1
2184,2
2175,2
1963,2
1805,2
1649,2
1375,2
1229,2
782,2
635,2
482,2
414,2
405,2
393,2
359,2
334,2
333,2
297,2
290,2
176,2
176,2
109,2
2556,1
2554,1
2553,1
581,1
1258,1
2958,1
2660,1
633,1
810,1
2357,1
494,1
2316,2
2313,1
2312,1
2988,1
2074,1
1882,1
1590,1
1068,1
1245,2
290,1
2649,1
1733,1
3294,1
3293,1
2967,1
43,1
314,1
3486,2
1015,2
719,1
596,1
3081,1
2845,1
657,1
2062,2
813,2
738,2
402,2
382,2
374,2
342,2
309,2
26,2
3203,1
2596,1
2435,1
2431,1
2336,1
2151,1
2080,1
2030,1
2023,1
2013,1
1935,1
1927,1
1812,1
1774,1
1765,1
1764,1
1537,1
1423,1
1226,1
901,1
895,1
776,1
747,1
629,1
415,1
409,1
383,1
363,1
339,1
329,1
311,1
303,1
292,1
267,1
189,1
178,1
170,1
155,1
142,1
125,1
120,1
98,1
75,1
39,1
33,1
32,1
12,1
1920,1
3449,1
3371,1
3332,1
3255,1
3201,1
3143,1
3108,1
3094,1
3064,1
3063,1
3031,1
3028,1
3024,1
2991,1
2971,1
2970,1
2938,1
2919,1
2910,1
2897,1
2896,1
2856,1
2855,1
2829,1
2828,1
2825,1
2773,1
2769,1
2765,1
2733,1
2726,1
2714,1
2669,1
2594,1
2488,1
2465,1
2353,1
2191,1
2163,1
2067,1
2060,1
2033,1
1996,1
1954,1
1952,1
1941,1
1930,1
1928,1
1926,1
1907,1
1771,1
1718,1
1715,1
1675,1
1664,1
1606,1
1595,1
1581,1
1549,1
1520,1
1519,1
1489,1
1345,1
1324,1
1295,1
1287,1
1281,1
1274,1
1269,1
1222,1
1200,1
1169,1
1169,1
1165,1
1163,1
1117,1
1104,1
1075,1
1058,1
1056,1
1040,1
1012,1
992,1
988,1
981,1
926,1
807,1
768,1
734,1
701,1
651,1
635,1
632,1
623,1
555,1
512,1
505,1
470,1
362,1
361,1
361,1
357,1
354,1
353,1
310,1
300,1
280,1
264,1
257,1
230,1
211,1
111,1
111,1
106,1
98,1
96,1
67,1
25,1
16,1
1,1
2650,1
590,1
332,2
702,1
2266,1
1377,1
262,2
653,1
2157,1
2728,2
2089,2
1608,2
791,2
788,2
3396,1
3391,1
3365,1
3350,1
3329,1
3327,1
3325,1
3251,1
2967,1
2917,1
2870,1
2821,1
2798,1
2773,1
2680,1
2642,1
2602,1
2559,1
2531,1
2517,1
2509,1
2500,1
2471,1
2437,1
2410,1
2353,1
2350,1
2332,1
2326,1
2314,1
2306,1
2299,1
2294,1
2285,1
2281,1
2274,1
2262,1
2260,1
2249,1
2238,1
2237,1
2204,1
2202,1
2183,1
2036,1
1960,1
1942,1
1921,1
1828,1
1812,1
1693,1
1619,1
1586,1
1573,1
1535,1
1518,1
1512,1
1508,1
1506,1
1422,1
1373,1
1358,1
1308,1
1306,1
1205,1
1065,1
1016,1
1015,1
999,1
990,1
981,1
905,1
891,1
889,1
860,1
839,1
837,1
804,1
800,1
798,1
771,1
761,1
716,1
684,1
655,1
639,1
618,1
614,1
613,1
607,1
596,1
588,1
587,1
581,1
577,1
571,1
540,1
527,1
496,1
471,1
466,1
431,1
430,1
427,1
425,1
422,1
395,1
383,1
379,1
378,1
375,1
363,1
325,1
270,1
248,1
239,1
238,1
228,1
223,1
210,1
209,1
173,1
164,1
146,1
142,1
138,1
124,1
115,1
90,1
89,1
87,1
82,1
57,1
55,1
55,1
54,1
54,1
51,1
51,1
1096,1
2853,1
2850,1
2399,1
1362,1
1350,1
1235,1
882,1
684,1
73,1
192,1
400,2
2784,1
3452,2
2158,2
2111,2
1578,2
1028,2
941,2
732,2
723,2
559,2
3421,1
3415,1
3385,1
3383,1
3357,1
3280,1
3226,1
3212,1
3210,1
3155,1
3146,1
3133,1
3056,1
3053,1
3048,1
3042,1
3019,1
2989,1
2987,1
2975,1
2966,1
2964,1
2944,1
2939,1
2901,1
2890,1
2877,1
2867,1
2865,1
2858,1
2845,1
2835,1
2834,1
2829,1
2814,1
2811,1
2810,1
2806,1
2804,1
2747,1
2745,1
2735,1
2733,1
2725,1
2716,1
2712,1
2710,1
2708,1
2704,1
2693,1
2690,1
2687,1
2686,1
2661,1
2658,1
2643,1
2612,1
2608,1
2608,1
2605,1
2594,1
2585,1
2583,1
2581,1
2580,1
2578,1
2574,1
2569,1
2567,1
2565,1
2563,1
2555,1
2554,1
2551,1
2545,1
2543,1
2530,1
2516,1
2511,1
2510,1
2489,1
2486,1
2479,1
2479,1
2477,1
2466,1
2464,1
2460,1
2458,1
2447,1
2446,1
2445,1
2441,1
2439,1
2437,1
2415,1
2391,1
2390,1
2389,1
2387,1
2378,1
2376,1
2374,1
2366,1
2345,1
2330,1
2326,1
2309,1
2289,1
2283,1
2274,1
2272,1
2272,1
2255,1
2233,1
2228,1
2222,1
2176,1
2174,1
2168,1
2167,1
2166,1
2151,1
2142,1
2131,1
2129,1
2127,1
2113,1
2107,1
2095,1
2087,1
2086,1
2082,1
2078,1
2071,1
2070,1
2054,1
2052,1
2042,1
2034,1
2019,1
2007,1
2005,1
2003,1
1997,1
1997,1
1993,1
1983,1
1974,1
1948,1
1935,1
1933,1
1926,1
1922,1
1920,1
1917,1
1912,1
1908,1
1906,1
1896,1
1886,1
1883,1
1878,1
1873,1
1865,1
1858,1
1858,1
1856,1
1844,1
1829,1
1826,1
1816,1
1810,1
1806,1
1804,1
1802,1
1798,1
1796,1
1794,1
1792,1
1790,1
1788,1
1786,1
1781,1
1778,1
1776,1
1774,1
1769,1
1767,1
1763,1
1741,1
1713,1
1705,1
1704,1
1697,1
1691,1
1678,1
1668,1
1665,1
1658,1
1621,1
1586,1
1562,1
1560,1
1544,1
1543,1
1541,1
1516,1
1506,1
1504,1
1496,1
1494,1
1491,1
1489,1
1487,1
1485,1
1483,1
1467,1
1456,1
1453,1
1449,1
1447,1
1441,1
1437,1
1435,1
1398,1
1367,1
1360,1
1340,1
1338,1
1334,1
1317,1
1306,1
1305,1
1304,1
1300,1
1294,1
1283,1
1276,1
1269,1
1249,1
1242,1
1234,1
1206,1
1203,1
1199,1
1191,1
1166,1
1127,1
1125,1
1123,1
1114,1
1114,1
1109,1
1107,1
1106,1
1102,1
1100,1
1098,1
1091,1
1085,1
1079,1
1079,1
1076,1
1063,1
1063,1
1037,1
1035,1
1034,1
1013,1
1008,1
1003,1
987,1
978,1
974,1
972,1
964,1
963,1
962,1
962,1
960,1
960,1
956,1
949,1
943,1
939,1
938,1
934,1
926,1
924,1
922,1
920,1
914,1
913,1
912,1
911,1
910,1
905,1
902,1
899,1
893,1
893,1
890,1
883,1
882,1
880,1
879,1
878,1
875,1
873,1
873,1
872,1
870,1
869,1
862,1
856,1
850,1
848,1
841,1
836,1
833,1
827,1
825,1
822,1
819,1
817,1
817,1
817,1
809,1
808,1
802,1
799,1
796,1
793,1
792,1
791,1
787,1
784,1
776,1
772,1
770,1
770,1
768,1
767,1
765,1
764,1
762,1
761,1
759,1
758,1
751,1
751,1
750,1
749,1
749,1
748,1
744,1
740,1
738,1
737,1
737,1
733,1
732,1
731,1
720,1
713,1
713,1
708,1
697,1
695,1
694,1
693,1
689,1
688,1
688,1
685,1
682,1
679,1
677,1
675,1
671,1
668,1
666,1
665,1
660,1
657,1
653,1
646,1
645,1
639,1
639,1
635,1
630,1
628,1
625,1
625,1
625,1
625,1
624,1
622,1
621,1
619,1
618,1
617,1
616,1
610,1
606,1
600,1
599,1
598,1
598,1
597,1
596,1
594,1
592,1
592,1
588,1
584,1
583,1
576,1
576,1
575,1
573,1
570,1
568,1
567,1
567,1
563,1
559,1
558,1
554,1
554,1
554,1
548,1
541,1
540,1
540,1
534,1
531,1
529,1
528,1
528,1
526,1
524,1
518,1
516,1
510,1
509,1
505,1
501,1
500,1
499,1
498,1
496,1
492,1
488,1
488,1
486,1
481,1
480,1
472,1
471,1
471,1
468,1
462,1
458,1
455,1
454,1
451,1
448,1
447,1
444,1
441,1
441,1
439,1
437,1
431,1
429,1
428,1
427,1
425,1
423,1
421,1
418,1
418,1
416,1
413,1
408,1
407,1
405,1
402,1
401,1
401,1
399,1
399,1
397,1
397,1
391,1
391,1
391,1
384,1
380,1
376,1
376,1
374,1
374,1
372,1
371,1
371,1
368,1
367,1
367,1
364,1
359,1
357,1
355,1
355,1
353,1
351,1
347,1
346,1
345,1
345,1
343,1
341,1
341,1
341,1
339,1
338,1
336,1
332,1
331,1
331,1
330,1
327,1
327,1
325,1
319,1
318,1
317,1
315,1
314,1
313,1
307,1
306,1
306,1
303,1
302,1
300,1
294,1
292,1
292,1
287,1
281,1
276,1
276,1
274,1
273,1
272,1
270,1
269,1
267,1
267,1
265,1
265,1
263,1
263,1
263,1
259,1
257,1
256,1
246,1
242,1
240,1
238,1
234,1
232,1
230,1
230,1
227,1
227,1
226,1
220,1
216,1
212,1
210,1
208,1
206,1
206,1
203,1
201,1
201,1
201,1
198,1
194,1
192,1
191,1
191,1
191,1
189,1
188,1
184,1
183,1
182,1
180,1
179,1
178,1
175,1
173,1
163,1
161,1
160,1
159,1
158,1
157,1
150,1
147,1
147,1
135,1
134,1
132,1
130,1
127,1
125,1
123,1
123,1
123,1
117,1
116,1
114,1
111,1
107,1
94,1
92,1
90,1
86,1
80,1
71,1
71,1
68,1
66,1
66,1
64,1
64,1
62,1
61,1
59,1
59,1
59,1
57,1
54,1
50,1
49,1
47,1
44,1
43,1
42,1
42,1
41,1
38,1
37,1
34,1
32,1
31,1
29,1
29,1
26,1
25,1
21,1
20,1
20,1
17,1
15,1
12,1
11,1
9,1
8,1
6,1
4,1
4,1
2,1
750,1
2973,1
1466,1
1695,2
373,1
2456,1
814,1
306,1
768,1
766,2
2338,1
2284,1
1739,1
1311,1
358,6
668,1
1702,1
1356,1
923,1
2962,1
2206,1
3395,1
2479,1
979,1
521,1
3386,1
1344,1
654,1
2884,1
2881,1
1582,1
1153,2
1053,2
693,2
482,2
12,2
2409,1
488,1
338,1
1572,1
1099,1
1994,1
1727,1
588,1
2066,1
1961,2
824,2
668,2
112,2
2468,1
1614,1
31,1
467,1
3186,2
3184,2
276,1
1488,1
2368,1
2972,1
214,2
617,1
544,1
462,1
412,1
374,1
372,1
323,1
259,1
105,1
69,1
3359,1
2669,1
1853,1
507,1
970,1
784,2
1917,1
3025,2
2735,1
1376,1
1198,1
1343,1
1144,1
1108,1
2632,1
1668,1
1019,1
925,1
622,1
2092,1
180,1
2656,1
2535,1
2336,1
2002,1
1729,1
1723,1
1653,1
1393,1
1218,1
1095,1
853,1
569,1
561,1
240,1
292,1
612,1
3106,1
2424,1
684,1
3195,1
2914,1
663,1
655,1
679,1
3158,1
2472,1
1011,1
1541,1
523,1
41,2
47,1
530,1
3334,1
2709,1
2707,1
2034,1
1726,1
1655,1
2682,1
2155,1
1746,1
1740,1
516,1
384,1
225,1
253,1
1641,1
2364,1
3388,1
3351,1
3170,1
2778,1
2666,1
2304,1
2198,1
2073,1
1985,1
1943,1
1941,1
1657,1
1593,1
1399,1
1320,1
1316,1
1070,1
978,1
878,1
747,1
632,1
587,1
519,1
519,1
468,1
420,1
405,1
315,1
312,1
279,1
247,1
233,1
217,1
195,1
186,1
183,1
160,1
147,1
121,1
111,1
99,1
82,1
3414,1
3305,1
2982,1
2961,1
2958,1
2956,1
2946,1
2679,1
2379,1
2327,1
2263,1
2243,1
2232,1
2199,1
2004,1
1884,1
1809,1
1735,1
1720,1
1542,1
1457,1
1439,1
1411,1
1086,1
986,1
985,1
984,1
981,1
905,1
800,1
739,1
736,1
686,1
685,1
683,1
567,1
520,1
494,1
451,1
223,1
162,1
157,1
128,1
77,1
2965,1
2964,1
266,1
3213,1
2112,1
3061,1
2760,2
2734,1
1970,1
1167,1
61,1
846,1
2198,1
1164,1
2359,1
2729,1
208,1
119,1
2957,1
214,1
284,1
330,1
705,1
633,1
551,1
2088,1
491,1
285,1
743,1
1294,1
262,1
309,1
308,1
1581,1
952,1
3271,1
1234,1
995,1
898,1
716,1
48,1
16,1
2665,1
2499,1
2219,1
1873,1
1715,1
1469,1
1403,1
668,1
171,1
1212,1
654,1
728,2
1567,1
746,1
484,1
303,1
2921,1
2649,1
172,1
221,1
2948,2
2275,1
378,1
377,1
1318,1
349,1
153,1
1193,1
2293,1
2349,1
104,1
6,1
2911,1
2333,1
2297,1
1989,1
1686,1
1476,1
1217,1
803,1
592,1
506,1
87,1
3262,1
966,1
2407,1
1013,1
1313,1
2789,1
1177,1
912,1
2305,2
1448,1
1401,1
1130,1
3406,1
2637,1
1875,1
1666,1
2310,1
2374,1
2372,1
1264,1
240,1
194,1
2588,1
3045,1
2626,1
2473,1
2425,1
1861,1
1610,1
1458,1
1307,1
1286,1
1232,1
1179,1
1149,1
1133,1
584,1
384,1
190,1
92,1
2381,1
2594,2
2234,2
733,1
1245,1
3317,1
3311,1
2920,1
2861,1
2813,1
2753,1
2700,1
2653,1
2601,1
2534,1
2532,1
2462,1
2438,1
2357,1
2347,1
2203,1
2156,1
2122,1
2120,1
1971,1
1961,1
1956,1
1933,1
1830,1
1823,1
1766,1
1545,1
1513,1
1496,1
1414,1
1380,1
1373,1
1243,1
1241,1
1220,1
1215,1
1210,1
1196,1
1172,1
915,1
913,1
865,1
559,1
531,1
264,1
247,1
205,1
91,1
52,1
31,1
4,1
301,2
1424,1
2206,1
1230,1
2036,1
202,1
284,1
402,1
2986,1
137,1
2979,1
3172,1
937,2
55,1
2057,1
728,2
2998,1
2997,1
219,1
2818,1
3141,1
485,1
2924,6
2923,6
531,2
450,1
2014,1
102,1
2051,1
139,2
486,1
2044,1
2622,2
3376,1
1994,1
1683,1
1379,1
335,1
2029,2
58,1
2823,1
2121,1
1691,1
131,1
130,1
1001,1
687,1
2889,1
2945,1
1779,1
1551,1
242,1
162,1
